Utente,Domanda,Valutazione
1,1,3
1,2,2
1,3,3
1,4,3
1,5,3
1,6,4
1,7,5
1,8,4
1,9,5
1,10,1
2,1,5
2,2,6
2,3,5
2,4,7
2,5,5
2,6,3
2,7,3
2,8,4
2,9,1
2,10,6
3,1,6
3,2,2
3,3,4
3,4,1
3,5,4
3,6,7
3,7,1
3,8,1
3,9,5
3,10,7
4,1,1
4,2,3
4,3,1
4,4,2
4,5,5
4,6,1
4,7,5
4,8,3
4,9,7
4,10,1
5,1,7
5,2,2
5,3,1
5,4,5
5,5,5
5,6,7
5,7,1
5,8,7
5,9,3
5,10,7
6,1,6
6,2,3
6,3,6
6,4,7
6,5,2
6,6,1
6,7,7
6,8,5
6,9,2
6,10,5
7,1,3
7,2,5
7,3,7
7,4,5
7,5,5
7,6,5
7,7,5
7,8,6
7,9,7
7,10,1
8,1,4
8,2,7
8,3,2
8,4,3
8,5,2
8,6,2
8,7,3
8,8,2
8,9,3
8,10,1
9,1,4
9,2,4
9,3,2
9,4,7
9,5,2
9,6,1
9,7,5
9,8,5
9,9,6
9,10,6
10,1,2
10,2,4
10,3,2
10,4,6
10,5,3
10,6,3
10,7,7
10,8,7
10,9,2
10,10,4
11,1,6
11,2,7
11,3,1
11,4,2
11,5,3
11,6,7
11,7,1
11,8,1
11,9,3
11,10,7
12,1,4
12,2,3
12,3,2
12,4,7
12,5,3
12,6,5
12,7,3
12,8,5
12,9,2
12,10,3
13,1,1
13,2,2
13,3,6
13,4,5
13,5,3
13,6,1
13,7,5
13,8,2
13,9,1
13,10,5
14,1,3
14,2,1
14,3,1
14,4,5
14,5,6
14,6,2
14,7,4
14,8,7
14,9,7
14,10,2
15,1,7
15,2,3
15,3,6
15,4,3
15,5,7
15,6,5
15,7,2
15,8,3
15,9,1
15,10,1
16,1,5
16,2,6
16,3,6
16,4,6
16,5,4
16,6,4
16,7,2
16,8,2
16,9,7
16,10,7
17,1,2
17,2,3
17,3,6
17,4,5
17,5,2
17,6,2
17,7,2
17,8,4
17,9,6
17,10,6
18,1,6
18,2,4
18,3,6
18,4,2
18,5,7
18,6,5
18,7,5
18,8,2
18,9,5
18,10,1
19,1,5
19,2,6
19,3,3
19,4,1
19,5,6
19,6,5
19,7,4
19,8,2
19,9,4
19,10,2
20,1,4
20,2,1
20,3,7
20,4,3
20,5,5
20,6,7
20,7,6
20,8,2
20,9,5
20,10,2
21,1,7
21,2,3
21,3,5
21,4,1
21,5,5
21,6,1
21,7,3
21,8,2
21,9,7
21,10,5
22,1,7
22,2,5
22,3,2
22,4,3
22,5,2
22,6,4
22,7,3
22,8,7
22,9,1
22,10,2
23,1,2
23,2,5
23,3,6
23,4,3
23,5,6
23,6,6
23,7,6
23,8,1
23,9,7
23,10,4
24,1,4
24,2,3
24,3,6
24,4,6
24,5,7
24,6,3
24,7,2
24,8,6
24,9,5
24,10,3
25,1,4
25,2,6
25,3,6
25,4,5
25,5,7
25,6,3
25,7,5
25,8,4
25,9,2
25,10,6
26,1,4
26,2,2
26,3,3
26,4,4
26,5,5
26,6,4
26,7,4
26,8,6
26,9,6
26,10,1
27,1,1
27,2,7
27,3,7
27,4,7
27,5,6
27,6,1
27,7,2
27,8,6
27,9,1
27,10,1
28,1,4
28,2,4
28,3,3
28,4,6
28,5,7
28,6,3
28,7,7
28,8,6
28,9,4
28,10,5
29,1,4
29,2,3
29,3,2
29,4,6
29,5,5
29,6,4
29,7,2
29,8,3
29,9,3
29,10,2
30,1,1
30,2,6
30,3,3
30,4,5
30,5,5
30,6,4
30,7,6
30,8,4
30,9,4
30,10,6
31,1,3
31,2,7
31,3,7
31,4,5
31,5,6
31,6,5
31,7,6
31,8,2
31,9,3
31,10,7
32,1,4
32,2,5
32,3,3
32,4,5
32,5,1
32,6,3
32,7,4
32,8,1
32,9,7
32,10,4
33,1,1
33,2,5
33,3,4
33,4,3
33,5,3
33,6,1
33,7,5
33,8,4
33,9,3
33,10,5
34,1,5
34,2,1
34,3,4
34,4,2
34,5,2
34,6,1
34,7,3
34,8,2
34,9,2
34,10,7
35,1,7
35,2,5
35,3,5
35,4,3
35,5,6
35,6,3
35,7,3
35,8,7
35,9,6
35,10,5
36,1,2
36,2,3
36,3,3
36,4,6
36,5,4
36,6,5
36,7,1
36,8,7
36,9,5
36,10,4
37,1,1
37,2,2
37,3,6
37,4,1
37,5,5
37,6,5
37,7,5
37,8,1
37,9,6
37,10,7
38,1,1
38,2,4
38,3,5
38,4,3
38,5,6
38,6,7
38,7,6
38,8,5
38,9,7
38,10,1
39,1,2
39,2,3
39,3,1
39,4,7
39,5,3
39,6,2
39,7,7
39,8,2
39,9,6
39,10,7
40,1,6
40,2,2
40,3,5
40,4,6
40,5,3
40,6,4
40,7,4
40,8,4
40,9,4
40,10,2
41,1,6
41,2,1
41,3,2
41,4,2
41,5,5
41,6,6
41,7,5
41,8,5
41,9,5
41,10,6
42,1,7
42,2,6
42,3,6
42,4,6
42,5,1
42,6,6
42,7,1
42,8,2
42,9,5
42,10,2
43,1,1
43,2,3
43,3,4
43,4,1
43,5,5
43,6,3
43,7,1
43,8,5
43,9,1
43,10,7
44,1,3
44,2,4
44,3,4
44,4,7
44,5,1
44,6,1
44,7,2
44,8,5
44,9,7
44,10,3
45,1,5
45,2,2
45,3,6
45,4,2
45,5,1
45,6,3
45,7,3
45,8,2
45,9,7
45,10,4
46,1,3
46,2,4
46,3,3
46,4,3
46,5,5
46,6,7
46,7,1
46,8,1
46,9,2
46,10,4
47,1,6
47,2,5
47,3,6
47,4,6
47,5,6
47,6,7
47,7,3
47,8,3
47,9,6
47,10,1
48,1,5
48,2,1
48,3,4
48,4,6
48,5,2
48,6,5
48,7,2
48,8,5
48,9,7
48,10,3
49,1,3
49,2,7
49,3,4
49,4,1
49,5,7
49,6,3
49,7,1
49,8,3
49,9,3
49,10,3
50,1,7
50,2,2
50,3,1
50,4,5
50,5,1
50,6,3
50,7,2
50,8,7
50,9,1
50,10,3
51,1,2
51,2,5
51,3,1
51,4,7
51,5,7
51,6,7
51,7,4
51,8,3
51,9,4
51,10,3
52,1,2
52,2,6
52,3,2
52,4,1
52,5,3
52,6,6
52,7,1
52,8,1
52,9,3
52,10,1
53,1,5
53,2,1
53,3,3
53,4,5
53,5,1
53,6,3
53,7,2
53,8,5
53,9,3
53,10,3
54,1,1
54,2,1
54,3,7
54,4,2
54,5,6
54,6,7
54,7,7
54,8,5
54,9,7
54,10,1
55,1,2
55,2,3
55,3,6
55,4,6
55,5,4
55,6,7
55,7,7
55,8,7
55,9,3
55,10,3
56,1,4
56,2,1
56,3,6
56,4,7
56,5,1
56,6,1
56,7,2
56,8,5
56,9,2
56,10,4
57,1,6
57,2,2
57,3,6
57,4,2
57,5,2
57,6,1
57,7,1
57,8,2
57,9,5
57,10,4
58,1,7
58,2,1
58,3,7
58,4,5
58,5,6
58,6,4
58,7,4
58,8,6
58,9,6
58,10,6
59,1,2
59,2,6
59,3,6
59,4,2
59,5,3
59,6,4
59,7,4
59,8,2
59,9,2
59,10,7
60,1,3
60,2,4
60,3,2
60,4,3
60,5,2
60,6,3
60,7,6
60,8,5
60,9,7
60,10,4
61,1,5
61,2,1
61,3,4
61,4,4
61,5,5
61,6,6
61,7,4
61,8,6
61,9,6
61,10,7
62,1,1
62,2,5
62,3,2
62,4,5
62,5,3
62,6,1
62,7,7
62,8,4
62,9,5
62,10,4
63,1,5
63,2,2
63,3,2
63,4,3
63,5,1
63,6,4
63,7,5
63,8,6
63,9,7
63,10,1
64,1,3
64,2,5
64,3,4
64,4,5
64,5,2
64,6,7
64,7,1
64,8,5
64,9,4
64,10,7
65,1,2
65,2,1
65,3,4
65,4,4
65,5,7
65,6,5
65,7,3
65,8,7
65,9,6
65,10,7
66,1,2
66,2,3
66,3,2
66,4,1
66,5,5
66,6,4
66,7,5
66,8,7
66,9,2
66,10,5
67,1,2
67,2,7
67,3,2
67,4,3
67,5,4
67,6,7
67,7,6
67,8,6
67,9,1
67,10,3
68,1,5
68,2,5
68,3,5
68,4,3
68,5,2
68,6,6
68,7,3
68,8,3
68,9,7
68,10,7
69,1,3
69,2,3
69,3,5
69,4,4
69,5,3
69,6,1
69,7,4
69,8,4
69,9,2
69,10,5
70,1,1
70,2,3
70,3,5
70,4,1
70,5,3
70,6,6
70,7,2
70,8,2
70,9,4
70,10,6
71,1,2
71,2,4
71,3,4
71,4,4
71,5,3
71,6,1
71,7,5
71,8,4
71,9,7
71,10,2
72,1,3
72,2,1
72,3,1
72,4,7
72,5,5
72,6,6
72,7,5
72,8,7
72,9,5
72,10,3
73,1,1
73,2,6
73,3,3
73,4,4
73,5,7
73,6,6
73,7,6
73,8,2
73,9,7
73,10,6
74,1,7
74,2,5
74,3,1
74,4,3
74,5,7
74,6,1
74,7,7
74,8,4
74,9,5
74,10,6
75,1,4
75,2,6
75,3,6
75,4,5
75,5,7
75,6,2
75,7,2
75,8,2
75,9,4
75,10,2
76,1,4
76,2,5
76,3,5
76,4,3
76,5,6
76,6,3
76,7,3
76,8,6
76,9,7
76,10,1
77,1,6
77,2,4
77,3,3
77,4,7
77,5,4
77,6,6
77,7,6
77,8,1
77,9,7
77,10,2
78,1,2
78,2,2
78,3,1
78,4,6
78,5,5
78,6,1
78,7,1
78,8,1
78,9,7
78,10,1
79,1,3
79,2,7
79,3,5
79,4,7
79,5,7
79,6,3
79,7,2
79,8,3
79,9,2
79,10,5
80,1,5
80,2,7
80,3,5
80,4,3
80,5,7
80,6,6
80,7,1
80,8,2
80,9,1
80,10,5
81,1,2
81,2,3
81,3,7
81,4,2
81,5,2
81,6,5
81,7,5
81,8,2
81,9,5
81,10,6
82,1,2
82,2,2
82,3,3
82,4,7
82,5,2
82,6,7
82,7,1
82,8,5
82,9,5
82,10,7
83,1,3
83,2,7
83,3,7
83,4,4
83,5,5
83,6,2
83,7,5
83,8,2
83,9,7
83,10,3
84,1,6
84,2,1
84,3,7
84,4,1
84,5,7
84,6,6
84,7,3
84,8,5
84,9,3
84,10,3
85,1,6
85,2,3
85,3,7
85,4,4
85,5,1
85,6,7
85,7,4
85,8,7
85,9,2
85,10,7
86,1,4
86,2,4
86,3,4
86,4,6
86,5,6
86,6,2
86,7,7
86,8,7
86,9,7
86,10,4
87,1,5
87,2,4
87,3,2
87,4,5
87,5,6
87,6,5
87,7,4
87,8,7
87,9,3
87,10,2
88,1,5
88,2,6
88,3,1
88,4,7
88,5,7
88,6,5
88,7,1
88,8,7
88,9,7
88,10,1
89,1,5
89,2,2
89,3,7
89,4,5
89,5,5
89,6,6
89,7,4
89,8,7
89,9,4
89,10,1
90,1,4
90,2,5
90,3,3
90,4,7
90,5,6
90,6,6
90,7,4
90,8,2
90,9,4
90,10,5
91,1,4
91,2,4
91,3,3
91,4,1
91,5,6
91,6,7
91,7,4
91,8,5
91,9,3
91,10,6
92,1,6
92,2,6
92,3,4
92,4,5
92,5,2
92,6,2
92,7,6
92,8,7
92,9,5
92,10,4
93,1,4
93,2,1
93,3,2
93,4,6
93,5,7
93,6,5
93,7,2
93,8,7
93,9,1
93,10,3
94,1,1
94,2,7
94,3,3
94,4,6
94,5,7
94,6,7
94,7,4
94,8,4
94,9,1
94,10,3
95,1,4
95,2,2
95,3,2
95,4,6
95,5,5
95,6,7
95,7,2
95,8,6
95,9,5
95,10,3
96,1,7
96,2,1
96,3,2
96,4,4
96,5,1
96,6,7
96,7,6
96,8,3
96,9,4
96,10,5
97,1,6
97,2,4
97,3,7
97,4,7
97,5,3
97,6,6
97,7,3
97,8,3
97,9,2
97,10,1
98,1,6
98,2,6
98,3,5
98,4,6
98,5,3
98,6,7
98,7,2
98,8,5
98,9,2
98,10,2
99,1,7
99,2,3
99,3,4
99,4,1
99,5,2
99,6,6
99,7,3
99,8,4
99,9,2
99,10,7
100,1,1
100,2,2
100,3,3
100,4,7
100,5,5
100,6,3
100,7,7
100,8,2
100,9,5
100,10,5
101,1,7
101,2,7
101,3,7
101,4,7
101,5,6
101,6,4
101,7,6
101,8,6
101,9,6
101,10,1
102,1,3
102,2,7
102,3,3
102,4,3
102,5,1
102,6,6
102,7,2
102,8,1
102,9,5
102,10,7
103,1,4
103,2,4
103,3,2
103,4,5
103,5,7
103,6,5
103,7,2
103,8,3
103,9,2
103,10,7
104,1,5
104,2,3
104,3,6
104,4,1
104,5,2
104,6,7
104,7,4
104,8,5
104,9,5
104,10,3
105,1,7
105,2,4
105,3,7
105,4,3
105,5,1
105,6,6
105,7,7
105,8,4
105,9,1
105,10,3
106,1,4
106,2,1
106,3,4
106,4,7
106,5,1
106,6,7
106,7,6
106,8,3
106,9,7
106,10,2
107,1,6
107,2,5
107,3,2
107,4,2
107,5,1
107,6,1
107,7,6
107,8,4
107,9,6
107,10,7
108,1,1
108,2,3
108,3,6
108,4,7
108,5,2
108,6,6
108,7,3
108,8,3
108,9,7
108,10,5
109,1,6
109,2,3
109,3,7
109,4,1
109,5,7
109,6,6
109,7,7
109,8,7
109,9,5
109,10,5
110,1,2
110,2,1
110,3,5
110,4,3
110,5,1
110,6,3
110,7,6
110,8,4
110,9,2
110,10,1
111,1,3
111,2,2
111,3,6
111,4,2
111,5,2
111,6,7
111,7,3
111,8,4
111,9,5
111,10,7
112,1,7
112,2,6
112,3,7
112,4,1
112,5,7
112,6,3
112,7,6
112,8,2
112,9,3
112,10,1
113,1,1
113,2,3
113,3,1
113,4,7
113,5,5
113,6,4
113,7,2
113,8,5
113,9,5
113,10,5
114,1,2
114,2,6
114,3,2
114,4,6
114,5,3
114,6,5
114,7,3
114,8,4
114,9,3
114,10,1
115,1,3
115,2,2
115,3,7
115,4,5
115,5,7
115,6,7
115,7,4
115,8,1
115,9,1
115,10,6
116,1,2
116,2,1
116,3,4
116,4,5
116,5,7
116,6,5
116,7,5
116,8,5
116,9,5
116,10,3
117,1,4
117,2,6
117,3,4
117,4,2
117,5,6
117,6,5
117,7,4
117,8,1
117,9,4
117,10,5
118,1,2
118,2,2
118,3,5
118,4,5
118,5,4
118,6,1
118,7,2
118,8,6
118,9,3
118,10,3
119,1,5
119,2,6
119,3,1
119,4,6
119,5,1
119,6,7
119,7,5
119,8,2
119,9,2
119,10,2
120,1,2
120,2,2
120,3,4
120,4,2
120,5,2
120,6,1
120,7,4
120,8,1
120,9,3
120,10,1
121,1,3
121,2,5
121,3,7
121,4,1
121,5,2
121,6,6
121,7,4
121,8,5
121,9,7
121,10,7
122,1,1
122,2,7
122,3,1
122,4,7
122,5,6
122,6,4
122,7,2
122,8,1
122,9,4
122,10,6
123,1,1
123,2,4
123,3,6
123,4,6
123,5,1
123,6,6
123,7,1
123,8,3
123,9,7
123,10,5
124,1,7
124,2,2
124,3,3
124,4,2
124,5,6
124,6,3
124,7,5
124,8,4
124,9,1
124,10,4
125,1,3
125,2,1
125,3,2
125,4,2
125,5,1
125,6,1
125,7,6
125,8,1
125,9,1
125,10,7
126,1,6
126,2,4
126,3,7
126,4,1
126,5,1
126,6,5
126,7,3
126,8,7
126,9,5
126,10,3
127,1,6
127,2,4
127,3,2
127,4,2
127,5,3
127,6,5
127,7,7
127,8,4
127,9,5
127,10,2
128,1,5
128,2,7
128,3,1
128,4,6
128,5,7
128,6,1
128,7,4
128,8,7
128,9,2
128,10,6
129,1,6
129,2,5
129,3,3
129,4,2
129,5,7
129,6,4
129,7,1
129,8,4
129,9,2
129,10,7
130,1,3
130,2,5
130,3,2
130,4,5
130,5,7
130,6,3
130,7,4
130,8,3
130,9,2
130,10,4
131,1,3
131,2,1
131,3,6
131,4,2
131,5,3
131,6,4
131,7,5
131,8,1
131,9,5
131,10,5
132,1,3
132,2,2
132,3,2
132,4,7
132,5,1
132,6,5
132,7,1
132,8,4
132,9,2
132,10,7
133,1,5
133,2,3
133,3,6
133,4,7
133,5,1
133,6,5
133,7,6
133,8,2
133,9,1
133,10,7
134,1,5
134,2,4
134,3,5
134,4,1
134,5,5
134,6,6
134,7,1
134,8,4
134,9,2
134,10,5
135,1,4
135,2,7
135,3,7
135,4,6
135,5,7
135,6,2
135,7,5
135,8,2
135,9,3
135,10,1
136,1,7
136,2,3
136,3,1
136,4,3
136,5,1
136,6,3
136,7,3
136,8,1
136,9,1
136,10,5
137,1,1
137,2,5
137,3,2
137,4,6
137,5,1
137,6,7
137,7,3
137,8,3
137,9,2
137,10,2
138,1,3
138,2,6
138,3,1
138,4,6
138,5,4
138,6,7
138,7,2
138,8,6
138,9,4
138,10,5
139,1,1
139,2,2
139,3,6
139,4,2
139,5,3
139,6,7
139,7,1
139,8,1
139,9,2
139,10,3
140,1,7
140,2,1
140,3,3
140,4,4
140,5,5
140,6,1
140,7,1
140,8,1
140,9,5
140,10,5
141,1,5
141,2,4
141,3,3
141,4,7
141,5,6
141,6,7
141,7,1
141,8,7
141,9,3
141,10,2
142,1,5
142,2,2
142,3,3
142,4,2
142,5,3
142,6,4
142,7,4
142,8,3
142,9,7
142,10,1
143,1,6
143,2,6
143,3,6
143,4,3
143,5,6
143,6,1
143,7,5
143,8,3
143,9,7
143,10,6
144,1,6
144,2,4
144,3,5
144,4,3
144,5,4
144,6,2
144,7,4
144,8,1
144,9,2
144,10,4
145,1,1
145,2,6
145,3,3
145,4,6
145,5,6
145,6,3
145,7,3
145,8,3
145,9,6
145,10,4
146,1,5
146,2,2
146,3,6
146,4,4
146,5,1
146,6,3
146,7,3
146,8,1
146,9,4
146,10,5
147,1,7
147,2,3
147,3,2
147,4,5
147,5,7
147,6,2
147,7,2
147,8,3
147,9,1
147,10,5
148,1,2
148,2,1
148,3,4
148,4,5
148,5,7
148,6,1
148,7,5
148,8,7
148,9,4
148,10,3
149,1,7
149,2,1
149,3,4
149,4,2
149,5,4
149,6,6
149,7,4
149,8,7
149,9,1
149,10,4
150,1,4
150,2,1
150,3,7
150,4,3
150,5,7
150,6,6
150,7,1
150,8,3
150,9,2
150,10,6
151,1,7
151,2,4
151,3,2
151,4,6
151,5,5
151,6,4
151,7,4
151,8,3
151,9,7
151,10,7
152,1,3
152,2,5
152,3,5
152,4,5
152,5,4
152,6,7
152,7,4
152,8,2
152,9,6
152,10,1
153,1,3
153,2,5
153,3,3
153,4,5
153,5,5
153,6,5
153,7,4
153,8,1
153,9,4
153,10,1
154,1,2
154,2,7
154,3,2
154,4,7
154,5,6
154,6,6
154,7,4
154,8,7
154,9,1
154,10,6
155,1,7
155,2,7
155,3,3
155,4,5
155,5,3
155,6,2
155,7,1
155,8,4
155,9,2
155,10,5
156,1,1
156,2,6
156,3,6
156,4,5
156,5,5
156,6,5
156,7,2
156,8,1
156,9,6
156,10,6
157,1,7
157,2,6
157,3,1
157,4,4
157,5,4
157,6,3
157,7,4
157,8,2
157,9,4
157,10,4
158,1,7
158,2,7
158,3,7
158,4,3
158,5,6
158,6,7
158,7,3
158,8,1
158,9,5
158,10,7
159,1,7
159,2,1
159,3,7
159,4,1
159,5,2
159,6,5
159,7,5
159,8,2
159,9,2
159,10,7
160,1,3
160,2,7
160,3,3
160,4,7
160,5,3
160,6,5
160,7,2
160,8,1
160,9,3
160,10,3
161,1,7
161,2,1
161,3,4
161,4,5
161,5,6
161,6,6
161,7,4
161,8,1
161,9,1
161,10,5
162,1,1
162,2,1
162,3,1
162,4,3
162,5,6
162,6,5
162,7,1
162,8,2
162,9,2
162,10,7
163,1,2
163,2,1
163,3,5
163,4,1
163,5,5
163,6,1
163,7,1
163,8,5
163,9,7
163,10,4
164,1,4
164,2,3
164,3,3
164,4,4
164,5,6
164,6,4
164,7,1
164,8,7
164,9,4
164,10,6
165,1,1
165,2,6
165,3,1
165,4,7
165,5,2
165,6,5
165,7,5
165,8,7
165,9,6
165,10,2
166,1,2
166,2,2
166,3,7
166,4,7
166,5,1
166,6,3
166,7,7
166,8,7
166,9,1
166,10,7
167,1,7
167,2,2
167,3,2
167,4,5
167,5,6
167,6,1
167,7,2
167,8,7
167,9,2
167,10,3
168,1,4
168,2,2
168,3,2
168,4,6
168,5,7
168,6,3
168,7,7
168,8,5
168,9,3
168,10,1
169,1,7
169,2,2
169,3,1
169,4,3
169,5,3
169,6,4
169,7,2
169,8,3
169,9,6
169,10,3
170,1,1
170,2,2
170,3,6
170,4,4
170,5,3
170,6,6
170,7,5
170,8,5
170,9,7
170,10,4
171,1,1
171,2,5
171,3,2
171,4,1
171,5,1
171,6,6
171,7,1
171,8,6
171,9,4
171,10,4
172,1,2
172,2,3
172,3,2
172,4,1
172,5,3
172,6,2
172,7,2
172,8,3
172,9,3
172,10,7
173,1,6
173,2,6
173,3,1
173,4,2
173,5,4
173,6,4
173,7,7
173,8,6
173,9,6
173,10,1
174,1,2
174,2,1
174,3,3
174,4,4
174,5,6
174,6,4
174,7,6
174,8,6
174,9,2
174,10,5
175,1,7
175,2,3
175,3,7
175,4,4
175,5,1
175,6,7
175,7,7
175,8,1
175,9,7
175,10,5
176,1,7
176,2,5
176,3,6
176,4,2
176,5,1
176,6,7
176,7,7
176,8,5
176,9,4
176,10,1
177,1,7
177,2,6
177,3,1
177,4,2
177,5,6
177,6,3
177,7,3
177,8,2
177,9,3
177,10,6
178,1,4
178,2,6
178,3,1
178,4,3
178,5,4
178,6,1
178,7,3
178,8,5
178,9,2
178,10,6
179,1,5
179,2,4
179,3,4
179,4,2
179,5,1
179,6,6
179,7,6
179,8,4
179,9,1
179,10,2
180,1,2
180,2,2
180,3,6
180,4,4
180,5,6
180,6,7
180,7,5
180,8,4
180,9,7
180,10,3
181,1,7
181,2,6
181,3,4
181,4,1
181,5,5
181,6,3
181,7,6
181,8,4
181,9,4
181,10,2
182,1,3
182,2,4
182,3,3
182,4,7
182,5,7
182,6,6
182,7,1
182,8,2
182,9,6
182,10,7
183,1,2
183,2,5
183,3,4
183,4,7
183,5,6
183,6,6
183,7,7
183,8,1
183,9,6
183,10,7
184,1,1
184,2,2
184,3,7
184,4,6
184,5,7
184,6,1
184,7,6
184,8,1
184,9,5
184,10,2
185,1,7
185,2,7
185,3,4
185,4,3
185,5,2
185,6,3
185,7,3
185,8,5
185,9,3
185,10,4
186,1,4
186,2,6
186,3,1
186,4,3
186,5,7
186,6,2
186,7,7
186,8,6
186,9,1
186,10,4
187,1,1
187,2,3
187,3,5
187,4,6
187,5,4
187,6,5
187,7,4
187,8,7
187,9,7
187,10,4
188,1,6
188,2,3
188,3,1
188,4,2
188,5,6
188,6,3
188,7,5
188,8,1
188,9,3
188,10,4
189,1,4
189,2,7
189,3,2
189,4,5
189,5,2
189,6,4
189,7,5
189,8,3
189,9,6
189,10,1
190,1,5
190,2,1
190,3,6
190,4,4
190,5,2
190,6,3
190,7,1
190,8,5
190,9,7
190,10,6
191,1,3
191,2,2
191,3,5
191,4,2
191,5,5
191,6,4
191,7,6
191,8,3
191,9,4
191,10,3
192,1,5
192,2,7
192,3,6
192,4,3
192,5,2
192,6,7
192,7,6
192,8,4
192,9,6
192,10,1
193,1,6
193,2,5
193,3,3
193,4,7
193,5,4
193,6,7
193,7,1
193,8,5
193,9,5
193,10,2
194,1,4
194,2,5
194,3,1
194,4,4
194,5,6
194,6,5
194,7,3
194,8,5
194,9,3
194,10,5
195,1,7
195,2,4
195,3,3
195,4,5
195,5,5
195,6,7
195,7,3
195,8,7
195,9,1
195,10,4
196,1,3
196,2,7
196,3,5
196,4,7
196,5,7
196,6,3
196,7,7
196,8,2
196,9,2
196,10,3
197,1,5
197,2,3
197,3,5
197,4,3
197,5,5
197,6,6
197,7,6
197,8,1
197,9,3
197,10,3
198,1,5
198,2,6
198,3,3
198,4,7
198,5,2
198,6,1
198,7,2
198,8,4
198,9,6
198,10,1
199,1,4
199,2,2
199,3,4
199,4,4
199,5,3
199,6,1
199,7,5
199,8,7
199,9,2
199,10,1
200,1,6
200,2,2
200,3,6
200,4,1
200,5,3
200,6,6
200,7,6
200,8,4
200,9,1
200,10,7
201,1,5
201,2,5
201,3,1
201,4,4
201,5,1
201,6,2
201,7,5
201,8,2
201,9,4
201,10,2
202,1,3
202,2,2
202,3,4
202,4,3
202,5,1
202,6,1
202,7,4
202,8,2
202,9,6
202,10,2
203,1,1
203,2,6
203,3,7
203,4,5
203,5,4
203,6,3
203,7,7
203,8,6
203,9,2
203,10,3
204,1,3
204,2,2
204,3,1
204,4,3
204,5,2
204,6,3
204,7,6
204,8,1
204,9,1
204,10,1
205,1,2
205,2,5
205,3,4
205,4,7
205,5,3
205,6,5
205,7,6
205,8,1
205,9,3
205,10,7
206,1,1
206,2,6
206,3,6
206,4,6
206,5,4
206,6,1
206,7,1
206,8,6
206,9,5
206,10,3
207,1,7
207,2,2
207,3,2
207,4,4
207,5,6
207,6,6
207,7,2
207,8,7
207,9,7
207,10,6
208,1,5
208,2,7
208,3,2
208,4,5
208,5,6
208,6,1
208,7,4
208,8,2
208,9,2
208,10,3
209,1,4
209,2,1
209,3,7
209,4,1
209,5,7
209,6,2
209,7,3
209,8,1
209,9,7
209,10,5
210,1,5
210,2,5
210,3,7
210,4,2
210,5,2
210,6,5
210,7,3
210,8,2
210,9,1
210,10,3
211,1,4
211,2,4
211,3,2
211,4,4
211,5,1
211,6,5
211,7,2
211,8,5
211,9,2
211,10,7
212,1,6
212,2,6
212,3,3
212,4,6
212,5,1
212,6,5
212,7,4
212,8,7
212,9,7
212,10,5
213,1,2
213,2,2
213,3,4
213,4,2
213,5,7
213,6,2
213,7,1
213,8,4
213,9,6
213,10,2
214,1,2
214,2,2
214,3,6
214,4,7
214,5,1
214,6,2
214,7,5
214,8,6
214,9,5
214,10,3
215,1,3
215,2,6
215,3,5
215,4,4
215,5,7
215,6,7
215,7,1
215,8,2
215,9,6
215,10,2
216,1,7
216,2,4
216,3,3
216,4,7
216,5,4
216,6,3
216,7,6
216,8,1
216,9,1
216,10,2
217,1,2
217,2,3
217,3,2
217,4,2
217,5,6
217,6,3
217,7,2
217,8,4
217,9,2
217,10,6
218,1,4
218,2,4
218,3,2
218,4,1
218,5,2
218,6,1
218,7,1
218,8,3
218,9,5
218,10,5
219,1,5
219,2,5
219,3,7
219,4,5
219,5,6
219,6,7
219,7,1
219,8,1
219,9,4
219,10,2
220,1,3
220,2,4
220,3,1
220,4,3
220,5,4
220,6,1
220,7,2
220,8,7
220,9,4
220,10,1
221,1,4
221,2,4
221,3,4
221,4,1
221,5,5
221,6,5
221,7,2
221,8,5
221,9,1
221,10,6
222,1,5
222,2,6
222,3,4
222,4,6
222,5,5
222,6,5
222,7,1
222,8,7
222,9,2
222,10,3
223,1,2
223,2,4
223,3,3
223,4,2
223,5,6
223,6,3
223,7,2
223,8,4
223,9,5
223,10,1
224,1,4
224,2,6
224,3,7
224,4,3
224,5,6
224,6,2
224,7,1
224,8,5
224,9,2
224,10,4
225,1,2
225,2,6
225,3,7
225,4,7
225,5,3
225,6,2
225,7,1
225,8,7
225,9,1
225,10,4
226,1,2
226,2,7
226,3,1
226,4,7
226,5,1
226,6,2
226,7,6
226,8,6
226,9,3
226,10,4
227,1,2
227,2,4
227,3,6
227,4,5
227,5,2
227,6,3
227,7,7
227,8,2
227,9,2
227,10,4
228,1,5
228,2,7
228,3,3
228,4,6
228,5,2
228,6,4
228,7,1
228,8,7
228,9,5
228,10,4
229,1,2
229,2,3
229,3,6
229,4,7
229,5,7
229,6,4
229,7,1
229,8,2
229,9,1
229,10,5
230,1,7
230,2,5
230,3,2
230,4,3
230,5,3
230,6,4
230,7,5
230,8,5
230,9,7
230,10,2
231,1,7
231,2,5
231,3,1
231,4,2
231,5,5
231,6,7
231,7,5
231,8,1
231,9,4
231,10,4
232,1,7
232,2,4
232,3,5
232,4,6
232,5,5
232,6,2
232,7,4
232,8,3
232,9,7
232,10,5
233,1,6
233,2,4
233,3,1
233,4,5
233,5,4
233,6,2
233,7,7
233,8,3
233,9,7
233,10,1
234,1,7
234,2,7
234,3,1
234,4,3
234,5,1
234,6,5
234,7,6
234,8,1
234,9,1
234,10,2
235,1,6
235,2,6
235,3,5
235,4,4
235,5,5
235,6,1
235,7,3
235,8,5
235,9,5
235,10,3
236,1,6
236,2,2
236,3,1
236,4,5
236,5,7
236,6,5
236,7,1
236,8,7
236,9,7
236,10,3
237,1,7
237,2,4
237,3,1
237,4,2
237,5,1
237,6,1
237,7,3
237,8,7
237,9,7
237,10,1
238,1,1
238,2,6
238,3,6
238,4,5
238,5,6
238,6,5
238,7,6
238,8,6
238,9,7
238,10,2
239,1,5
239,2,5
239,3,1
239,4,7
239,5,1
239,6,7
239,7,2
239,8,4
239,9,3
239,10,6
240,1,7
240,2,2
240,3,4
240,4,4
240,5,5
240,6,6
240,7,3
240,8,5
240,9,3
240,10,3
241,1,5
241,2,7
241,3,4
241,4,3
241,5,2
241,6,1
241,7,3
241,8,7
241,9,1
241,10,6
242,1,5
242,2,5
242,3,3
242,4,7
242,5,4
242,6,3
242,7,2
242,8,1
242,9,7
242,10,1
243,1,4
243,2,7
243,3,1
243,4,7
243,5,6
243,6,7
243,7,5
243,8,2
243,9,7
243,10,5
244,1,5
244,2,1
244,3,4
244,4,4
244,5,5
244,6,3
244,7,5
244,8,5
244,9,1
244,10,5
245,1,1
245,2,7
245,3,7
245,4,1
245,5,6
245,6,3
245,7,2
245,8,1
245,9,3
245,10,4
246,1,6
246,2,4
246,3,6
246,4,3
246,5,3
246,6,6
246,7,4
246,8,6
246,9,5
246,10,5
247,1,1
247,2,3
247,3,3
247,4,2
247,5,2
247,6,2
247,7,7
247,8,7
247,9,7
247,10,6
248,1,1
248,2,7
248,3,6
248,4,7
248,5,5
248,6,1
248,7,6
248,8,6
248,9,7
248,10,3
249,1,3
249,2,4
249,3,6
249,4,1
249,5,1
249,6,5
249,7,4
249,8,7
249,9,4
249,10,7
250,1,4
250,2,3
250,3,3
250,4,1
250,5,2
250,6,5
250,7,2
250,8,3
250,9,4
250,10,1
251,1,3
251,2,6
251,3,2
251,4,5
251,5,7
251,6,6
251,7,2
251,8,1
251,9,4
251,10,5
252,1,4
252,2,6
252,3,7
252,4,2
252,5,5
252,6,4
252,7,3
252,8,4
252,9,3
252,10,6
253,1,7
253,2,6
253,3,2
253,4,3
253,5,5
253,6,7
253,7,5
253,8,4
253,9,3
253,10,3
254,1,1
254,2,2
254,3,1
254,4,1
254,5,7
254,6,6
254,7,2
254,8,1
254,9,2
254,10,3
255,1,4
255,2,6
255,3,5
255,4,7
255,5,3
255,6,2
255,7,2
255,8,6
255,9,6
255,10,6
256,1,7
256,2,5
256,3,7
256,4,7
256,5,4
256,6,3
256,7,3
256,8,1
256,9,5
256,10,7
257,1,3
257,2,1
257,3,6
257,4,4
257,5,1
257,6,1
257,7,7
257,8,3
257,9,6
257,10,5
258,1,4
258,2,7
258,3,4
258,4,2
258,5,5
258,6,3
258,7,7
258,8,7
258,9,4
258,10,5
259,1,3
259,2,1
259,3,1
259,4,1
259,5,3
259,6,5
259,7,2
259,8,1
259,9,1
259,10,4
260,1,2
260,2,5
260,3,4
260,4,2
260,5,1
260,6,5
260,7,2
260,8,4
260,9,4
260,10,5
261,1,2
261,2,6
261,3,6
261,4,3
261,5,6
261,6,3
261,7,7
261,8,6
261,9,7
261,10,2
262,1,7
262,2,6
262,3,2
262,4,2
262,5,7
262,6,2
262,7,3
262,8,6
262,9,1
262,10,4
263,1,1
263,2,1
263,3,3
263,4,1
263,5,1
263,6,6
263,7,1
263,8,1
263,9,5
263,10,3
264,1,2
264,2,2
264,3,5
264,4,4
264,5,7
264,6,3
264,7,7
264,8,4
264,9,4
264,10,2
265,1,3
265,2,1
265,3,1
265,4,7
265,5,3
265,6,3
265,7,3
265,8,7
265,9,3
265,10,2
266,1,3
266,2,3
266,3,5
266,4,4
266,5,3
266,6,1
266,7,6
266,8,4
266,9,2
266,10,5
267,1,1
267,2,6
267,3,6
267,4,4
267,5,3
267,6,3
267,7,5
267,8,5
267,9,3
267,10,3
268,1,2
268,2,3
268,3,6
268,4,5
268,5,1
268,6,3
268,7,2
268,8,4
268,9,2
268,10,7
269,1,5
269,2,5
269,3,5
269,4,2
269,5,3
269,6,1
269,7,3
269,8,7
269,9,1
269,10,1
270,1,3
270,2,5
270,3,4
270,4,4
270,5,7
270,6,5
270,7,4
270,8,6
270,9,4
270,10,7
271,1,5
271,2,1
271,3,7
271,4,6
271,5,2
271,6,2
271,7,2
271,8,3
271,9,6
271,10,7
272,1,7
272,2,5
272,3,2
272,4,2
272,5,7
272,6,1
272,7,3
272,8,3
272,9,1
272,10,2
273,1,5
273,2,4
273,3,2
273,4,5
273,5,3
273,6,5
273,7,6
273,8,7
273,9,5
273,10,7
274,1,7
274,2,3
274,3,7
274,4,4
274,5,6
274,6,2
274,7,7
274,8,6
274,9,7
274,10,2
275,1,2
275,2,6
275,3,4
275,4,2
275,5,5
275,6,7
275,7,4
275,8,1
275,9,2
275,10,6
276,1,6
276,2,1
276,3,1
276,4,5
276,5,7
276,6,2
276,7,5
276,8,3
276,9,2
276,10,6
277,1,1
277,2,4
277,3,7
277,4,3
277,5,4
277,6,2
277,7,2
277,8,1
277,9,6
277,10,2
278,1,2
278,2,1
278,3,7
278,4,6
278,5,4
278,6,7
278,7,2
278,8,2
278,9,2
278,10,3
279,1,1
279,2,6
279,3,1
279,4,1
279,5,5
279,6,2
279,7,3
279,8,2
279,9,1
279,10,7
280,1,1
280,2,2
280,3,4
280,4,7
280,5,4
280,6,2
280,7,3
280,8,2
280,9,3
280,10,4
281,1,3
281,2,6
281,3,7
281,4,2
281,5,6
281,6,3
281,7,2
281,8,1
281,9,2
281,10,5
282,1,6
282,2,6
282,3,5
282,4,5
282,5,7
282,6,6
282,7,5
282,8,1
282,9,7
282,10,5
283,1,4
283,2,4
283,3,4
283,4,1
283,5,1
283,6,6
283,7,1
283,8,6
283,9,4
283,10,4
284,1,6
284,2,6
284,3,7
284,4,5
284,5,5
284,6,5
284,7,6
284,8,3
284,9,4
284,10,3
285,1,7
285,2,5
285,3,2
285,4,1
285,5,5
285,6,7
285,7,6
285,8,2
285,9,6
285,10,1
286,1,7
286,2,5
286,3,1
286,4,1
286,5,7
286,6,6
286,7,7
286,8,7
286,9,2
286,10,4
287,1,3
287,2,3
287,3,5
287,4,7
287,5,6
287,6,7
287,7,3
287,8,3
287,9,6
287,10,3
288,1,4
288,2,1
288,3,1
288,4,6
288,5,4
288,6,4
288,7,3
288,8,6
288,9,1
288,10,4
289,1,4
289,2,1
289,3,2
289,4,5
289,5,7
289,6,4
289,7,1
289,8,1
289,9,3
289,10,1
290,1,6
290,2,6
290,3,6
290,4,7
290,5,1
290,6,5
290,7,7
290,8,4
290,9,1
290,10,2
291,1,5
291,2,7
291,3,1
291,4,7
291,5,7
291,6,1
291,7,7
291,8,7
291,9,1
291,10,7
292,1,5
292,2,5
292,3,3
292,4,2
292,5,2
292,6,1
292,7,7
292,8,2
292,9,5
292,10,5
293,1,1
293,2,7
293,3,5
293,4,1
293,5,4
293,6,7
293,7,3
293,8,7
293,9,6
293,10,5
294,1,3
294,2,3
294,3,6
294,4,3
294,5,5
294,6,5
294,7,3
294,8,2
294,9,4
294,10,4
295,1,7
295,2,1
295,3,5
295,4,1
295,5,5
295,6,7
295,7,2
295,8,4
295,9,7
295,10,4
296,1,6
296,2,3
296,3,6
296,4,3
296,5,4
296,6,6
296,7,2
296,8,2
296,9,7
296,10,3
297,1,6
297,2,2
297,3,7
297,4,7
297,5,7
297,6,3
297,7,6
297,8,7
297,9,2
297,10,7
298,1,2
298,2,3
298,3,3
298,4,4
298,5,6
298,6,6
298,7,6
298,8,7
298,9,2
298,10,7
299,1,6
299,2,2
299,3,7
299,4,2
299,5,7
299,6,3
299,7,3
299,8,1
299,9,2
299,10,3
300,1,1
300,2,5
300,3,5
300,4,6
300,5,3
300,6,4
300,7,3
300,8,3
300,9,6
300,10,5
301,1,7
301,2,5
301,3,1
301,4,1
301,5,6
301,6,1
301,7,7
301,8,5
301,9,3
301,10,6
302,1,3
302,2,3
302,3,7
302,4,3
302,5,5
302,6,2
302,7,1
302,8,3
302,9,2
302,10,6
303,1,5
303,2,2
303,3,5
303,4,3
303,5,7
303,6,1
303,7,5
303,8,5
303,9,6
303,10,6
304,1,4
304,2,5
304,3,6
304,4,4
304,5,5
304,6,1
304,7,7
304,8,7
304,9,1
304,10,6
305,1,7
305,2,4
305,3,7
305,4,3
305,5,5
305,6,1
305,7,5
305,8,7
305,9,3
305,10,2
306,1,6
306,2,7
306,3,1
306,4,6
306,5,7
306,6,6
306,7,7
306,8,7
306,9,7
306,10,2
307,1,7
307,2,1
307,3,4
307,4,1
307,5,7
307,6,7
307,7,1
307,8,5
307,9,6
307,10,4
308,1,1
308,2,2
308,3,2
308,4,7
308,5,1
308,6,3
308,7,3
308,8,3
308,9,2
308,10,4
309,1,1
309,2,7
309,3,5
309,4,2
309,5,5
309,6,7
309,7,4
309,8,7
309,9,2
309,10,6
310,1,2
310,2,5
310,3,2
310,4,4
310,5,3
310,6,6
310,7,2
310,8,6
310,9,6
310,10,3
311,1,2
311,2,5
311,3,7
311,4,2
311,5,1
311,6,7
311,7,3
311,8,1
311,9,2
311,10,6
312,1,1
312,2,2
312,3,4
312,4,5
312,5,4
312,6,7
312,7,7
312,8,5
312,9,7
312,10,3
313,1,5
313,2,6
313,3,7
313,4,2
313,5,2
313,6,3
313,7,2
313,8,7
313,9,3
313,10,7
314,1,5
314,2,2
314,3,6
314,4,6
314,5,1
314,6,3
314,7,6
314,8,7
314,9,5
314,10,5
315,1,2
315,2,2
315,3,4
315,4,2
315,5,4
315,6,3
315,7,5
315,8,6
315,9,4
315,10,2
316,1,5
316,2,2
316,3,2
316,4,4
316,5,4
316,6,5
316,7,1
316,8,2
316,9,7
316,10,6
317,1,4
317,2,7
317,3,5
317,4,1
317,5,2
317,6,3
317,7,4
317,8,6
317,9,7
317,10,6
318,1,5
318,2,4
318,3,7
318,4,1
318,5,6
318,6,7
318,7,3
318,8,2
318,9,6
318,10,6
319,1,4
319,2,3
319,3,4
319,4,2
319,5,3
319,6,1
319,7,5
319,8,1
319,9,1
319,10,4
320,1,5
320,2,3
320,3,5
320,4,6
320,5,4
320,6,3
320,7,7
320,8,3
320,9,3
320,10,7
321,1,5
321,2,2
321,3,3
321,4,6
321,5,3
321,6,5
321,7,2
321,8,5
321,9,6
321,10,5
322,1,6
322,2,3
322,3,6
322,4,1
322,5,2
322,6,4
322,7,1
322,8,5
322,9,5
322,10,2
323,1,7
323,2,1
323,3,6
323,4,5
323,5,6
323,6,3
323,7,2
323,8,2
323,9,1
323,10,4
324,1,1
324,2,2
324,3,4
324,4,1
324,5,5
324,6,5
324,7,1
324,8,3
324,9,6
324,10,4
325,1,2
325,2,4
325,3,1
325,4,6
325,5,4
325,6,2
325,7,6
325,8,1
325,9,2
325,10,1
326,1,6
326,2,1
326,3,3
326,4,6
326,5,2
326,6,3
326,7,3
326,8,6
326,9,6
326,10,6
327,1,5
327,2,2
327,3,2
327,4,4
327,5,4
327,6,3
327,7,3
327,8,4
327,9,7
327,10,7
328,1,1
328,2,2
328,3,1
328,4,2
328,5,2
328,6,7
328,7,3
328,8,4
328,9,2
328,10,1
329,1,4
329,2,1
329,3,4
329,4,6
329,5,1
329,6,6
329,7,7
329,8,7
329,9,2
329,10,1
330,1,5
330,2,7
330,3,4
330,4,4
330,5,2
330,6,2
330,7,5
330,8,4
330,9,6
330,10,5
331,1,1
331,2,5
331,3,7
331,4,3
331,5,2
331,6,7
331,7,3
331,8,6
331,9,2
331,10,7
332,1,5
332,2,4
332,3,4
332,4,6
332,5,7
332,6,6
332,7,4
332,8,5
332,9,2
332,10,3
333,1,5
333,2,5
333,3,3
333,4,6
333,5,1
333,6,1
333,7,1
333,8,5
333,9,2
333,10,4
334,1,1
334,2,3
334,3,6
334,4,7
334,5,1
334,6,2
334,7,7
334,8,1
334,9,2
334,10,6
335,1,5
335,2,1
335,3,2
335,4,7
335,5,4
335,6,2
335,7,4
335,8,7
335,9,4
335,10,5
336,1,7
336,2,3
336,3,3
336,4,4
336,5,5
336,6,7
336,7,5
336,8,2
336,9,5
336,10,2
337,1,7
337,2,4
337,3,2
337,4,6
337,5,4
337,6,5
337,7,3
337,8,2
337,9,5
337,10,4
338,1,3
338,2,5
338,3,3
338,4,7
338,5,3
338,6,4
338,7,4
338,8,3
338,9,4
338,10,3
339,1,7
339,2,7
339,3,5
339,4,5
339,5,5
339,6,3
339,7,5
339,8,6
339,9,7
339,10,7
340,1,4
340,2,2
340,3,4
340,4,3
340,5,7
340,6,3
340,7,6
340,8,4
340,9,4
340,10,4
341,1,2
341,2,4
341,3,6
341,4,2
341,5,4
341,6,7
341,7,2
341,8,6
341,9,3
341,10,7
342,1,6
342,2,5
342,3,2
342,4,4
342,5,4
342,6,1
342,7,7
342,8,4
342,9,3
342,10,1
343,1,3
343,2,5
343,3,5
343,4,1
343,5,7
343,6,5
343,7,3
343,8,2
343,9,2
343,10,1
344,1,7
344,2,7
344,3,6
344,4,4
344,5,7
344,6,7
344,7,5
344,8,2
344,9,4
344,10,7
345,1,5
345,2,6
345,3,5
345,4,3
345,5,2
345,6,4
345,7,7
345,8,5
345,9,5
345,10,4
346,1,6
346,2,5
346,3,7
346,4,4
346,5,2
346,6,5
346,7,3
346,8,6
346,9,5
346,10,6
347,1,2
347,2,6
347,3,2
347,4,7
347,5,5
347,6,1
347,7,3
347,8,5
347,9,3
347,10,6
348,1,7
348,2,4
348,3,7
348,4,5
348,5,5
348,6,5
348,7,6
348,8,3
348,9,6
348,10,2
349,1,7
349,2,7
349,3,4
349,4,5
349,5,4
349,6,6
349,7,7
349,8,2
349,9,1
349,10,2
350,1,5
350,2,7
350,3,4
350,4,4
350,5,5
350,6,6
350,7,3
350,8,6
350,9,7
350,10,3
351,1,4
351,2,1
351,3,2
351,4,7
351,5,7
351,6,3
351,7,7
351,8,4
351,9,2
351,10,7
352,1,3
352,2,4
352,3,5
352,4,3
352,5,2
352,6,5
352,7,1
352,8,7
352,9,2
352,10,3
353,1,5
353,2,6
353,3,2
353,4,4
353,5,5
353,6,7
353,7,2
353,8,2
353,9,2
353,10,4
354,1,5
354,2,3
354,3,2
354,4,7
354,5,7
354,6,7
354,7,5
354,8,1
354,9,2
354,10,7
355,1,6
355,2,4
355,3,7
355,4,5
355,5,3
355,6,3
355,7,5
355,8,6
355,9,4
355,10,5
356,1,6
356,2,6
356,3,1
356,4,7
356,5,2
356,6,2
356,7,2
356,8,6
356,9,2
356,10,4
357,1,5
357,2,1
357,3,3
357,4,3
357,5,2
357,6,4
357,7,7
357,8,4
357,9,7
357,10,6
358,1,2
358,2,6
358,3,5
358,4,1
358,5,2
358,6,3
358,7,3
358,8,1
358,9,2
358,10,7
359,1,3
359,2,2
359,3,6
359,4,3
359,5,4
359,6,4
359,7,3
359,8,2
359,9,6
359,10,4
360,1,6
360,2,6
360,3,5
360,4,1
360,5,4
360,6,1
360,7,4
360,8,6
360,9,5
360,10,7
361,1,5
361,2,7
361,3,2
361,4,1
361,5,6
361,6,3
361,7,2
361,8,6
361,9,1
361,10,7
362,1,6
362,2,3
362,3,5
362,4,5
362,5,5
362,6,2
362,7,5
362,8,1
362,9,1
362,10,5
363,1,6
363,2,7
363,3,3
363,4,1
363,5,2
363,6,6
363,7,4
363,8,5
363,9,1
363,10,4
364,1,2
364,2,1
364,3,3
364,4,7
364,5,2
364,6,1
364,7,1
364,8,6
364,9,2
364,10,3
365,1,2
365,2,2
365,3,6
365,4,4
365,5,5
365,6,5
365,7,5
365,8,2
365,9,4
365,10,6
366,1,7
366,2,1
366,3,7
366,4,2
366,5,4
366,6,4
366,7,3
366,8,1
366,9,7
366,10,1
367,1,2
367,2,2
367,3,4
367,4,7
367,5,3
367,6,3
367,7,2
367,8,4
367,9,3
367,10,3
368,1,5
368,2,6
368,3,6
368,4,3
368,5,5
368,6,1
368,7,7
368,8,7
368,9,1
368,10,1
369,1,3
369,2,5
369,3,6
369,4,4
369,5,3
369,6,5
369,7,3
369,8,5
369,9,1
369,10,1
370,1,2
370,2,6
370,3,2
370,4,6
370,5,1
370,6,2
370,7,7
370,8,5
370,9,6
370,10,7
371,1,2
371,2,2
371,3,1
371,4,2
371,5,5
371,6,4
371,7,4
371,8,4
371,9,5
371,10,1
372,1,1
372,2,3
372,3,1
372,4,6
372,5,7
372,6,4
372,7,2
372,8,6
372,9,1
372,10,3
373,1,4
373,2,2
373,3,7
373,4,6
373,5,3
373,6,5
373,7,5
373,8,4
373,9,2
373,10,4
374,1,6
374,2,3
374,3,1
374,4,7
374,5,6
374,6,7
374,7,3
374,8,7
374,9,7
374,10,6
375,1,1
375,2,7
375,3,3
375,4,4
375,5,2
375,6,7
375,7,5
375,8,7
375,9,3
375,10,2
376,1,5
376,2,6
376,3,4
376,4,4
376,5,3
376,6,3
376,7,6
376,8,2
376,9,6
376,10,5
377,1,2
377,2,6
377,3,2
377,4,2
377,5,3
377,6,7
377,7,5
377,8,4
377,9,2
377,10,3
378,1,3
378,2,6
378,3,2
378,4,7
378,5,4
378,6,2
378,7,1
378,8,1
378,9,1
378,10,7
379,1,5
379,2,4
379,3,5
379,4,4
379,5,4
379,6,2
379,7,2
379,8,7
379,9,4
379,10,6
380,1,6
380,2,6
380,3,1
380,4,6
380,5,1
380,6,5
380,7,5
380,8,6
380,9,6
380,10,2
381,1,2
381,2,3
381,3,6
381,4,7
381,5,7
381,6,1
381,7,7
381,8,6
381,9,6
381,10,3
382,1,5
382,2,7
382,3,5
382,4,5
382,5,4
382,6,4
382,7,3
382,8,4
382,9,5
382,10,7
383,1,2
383,2,4
383,3,5
383,4,7
383,5,5
383,6,1
383,7,3
383,8,3
383,9,5
383,10,2
384,1,7
384,2,4
384,3,6
384,4,2
384,5,1
384,6,1
384,7,7
384,8,3
384,9,4
384,10,1
385,1,4
385,2,2
385,3,4
385,4,3
385,5,3
385,6,7
385,7,7
385,8,1
385,9,2
385,10,7
386,1,7
386,2,7
386,3,2
386,4,5
386,5,2
386,6,4
386,7,4
386,8,6
386,9,2
386,10,6
387,1,7
387,2,3
387,3,4
387,4,3
387,5,1
387,6,2
387,7,1
387,8,4
387,9,7
387,10,4
388,1,1
388,2,4
388,3,2
388,4,2
388,5,7
388,6,7
388,7,3
388,8,1
388,9,4
388,10,6
389,1,3
389,2,1
389,3,6
389,4,2
389,5,7
389,6,6
389,7,4
389,8,2
389,9,2
389,10,6
390,1,6
390,2,7
390,3,6
390,4,2
390,5,7
390,6,6
390,7,3
390,8,4
390,9,6
390,10,4
391,1,4
391,2,5
391,3,6
391,4,5
391,5,3
391,6,7
391,7,2
391,8,4
391,9,7
391,10,5
392,1,5
392,2,4
392,3,6
392,4,1
392,5,5
392,6,6
392,7,6
392,8,4
392,9,6
392,10,3
393,1,4
393,2,5
393,3,3
393,4,3
393,5,1
393,6,3
393,7,7
393,8,3
393,9,7
393,10,2
394,1,5
394,2,1
394,3,5
394,4,6
394,5,2
394,6,3
394,7,3
394,8,4
394,9,5
394,10,4
395,1,1
395,2,6
395,3,7
395,4,1
395,5,7
395,6,3
395,7,1
395,8,3
395,9,1
395,10,7
396,1,6
396,2,5
396,3,2
396,4,1
396,5,5
396,6,3
396,7,2
396,8,5
396,9,6
396,10,7
397,1,1
397,2,1
397,3,5
397,4,1
397,5,2
397,6,4
397,7,2
397,8,7
397,9,1
397,10,5
398,1,4
398,2,5
398,3,7
398,4,2
398,5,1
398,6,4
398,7,1
398,8,2
398,9,1
398,10,6
399,1,2
399,2,4
399,3,3
399,4,2
399,5,7
399,6,5
399,7,3
399,8,2
399,9,6
399,10,4
400,1,7
400,2,7
400,3,7
400,4,7
400,5,4
400,6,4
400,7,3
400,8,7
400,9,1
400,10,1
401,1,3
401,2,2
401,3,1
401,4,2
401,5,3
401,6,5
401,7,7
401,8,7
401,9,4
401,10,7
402,1,6
402,2,1
402,3,3
402,4,5
402,5,7
402,6,4
402,7,6
402,8,1
402,9,2
402,10,6
403,1,6
403,2,7
403,3,6
403,4,4
403,5,1
403,6,3
403,7,6
403,8,7
403,9,5
403,10,5
404,1,3
404,2,5
404,3,4
404,4,4
404,5,6
404,6,3
404,7,6
404,8,5
404,9,2
404,10,1
405,1,5
405,2,5
405,3,2
405,4,3
405,5,2
405,6,7
405,7,1
405,8,7
405,9,1
405,10,1
406,1,7
406,2,5
406,3,3
406,4,7
406,5,7
406,6,4
406,7,1
406,8,4
406,9,3
406,10,5
407,1,4
407,2,1
407,3,6
407,4,2
407,5,3
407,6,2
407,7,5
407,8,1
407,9,1
407,10,6
408,1,1
408,2,2
408,3,1
408,4,2
408,5,1
408,6,4
408,7,3
408,8,7
408,9,1
408,10,5
409,1,3
409,2,6
409,3,3
409,4,4
409,5,1
409,6,4
409,7,2
409,8,2
409,9,7
409,10,3
410,1,2
410,2,4
410,3,2
410,4,6
410,5,2
410,6,7
410,7,4
410,8,5
410,9,1
410,10,5
411,1,5
411,2,2
411,3,2
411,4,6
411,5,7
411,6,3
411,7,2
411,8,5
411,9,5
411,10,3
412,1,3
412,2,7
412,3,6
412,4,5
412,5,1
412,6,4
412,7,2
412,8,3
412,9,1
412,10,7
413,1,4
413,2,7
413,3,4
413,4,4
413,5,7
413,6,5
413,7,6
413,8,4
413,9,5
413,10,3
414,1,4
414,2,2
414,3,6
414,4,5
414,5,1
414,6,1
414,7,2
414,8,1
414,9,1
414,10,3
415,1,2
415,2,1
415,3,2
415,4,6
415,5,7
415,6,3
415,7,7
415,8,2
415,9,6
415,10,2
416,1,6
416,2,6
416,3,4
416,4,2
416,5,2
416,6,6
416,7,3
416,8,3
416,9,2
416,10,4
417,1,5
417,2,1
417,3,5
417,4,4
417,5,4
417,6,2
417,7,4
417,8,1
417,9,1
417,10,1
418,1,2
418,2,1
418,3,3
418,4,6
418,5,7
418,6,6
418,7,6
418,8,1
418,9,7
418,10,2
419,1,7
419,2,2
419,3,4
419,4,1
419,5,1
419,6,5
419,7,4
419,8,3
419,9,3
419,10,3
420,1,1
420,2,6
420,3,4
420,4,2
420,5,7
420,6,6
420,7,2
420,8,4
420,9,5
420,10,6
421,1,2
421,2,2
421,3,1
421,4,2
421,5,1
421,6,7
421,7,3
421,8,3
421,9,6
421,10,2
422,1,3
422,2,7
422,3,4
422,4,2
422,5,4
422,6,6
422,7,6
422,8,3
422,9,2
422,10,4
423,1,4
423,2,7
423,3,1
423,4,3
423,5,5
423,6,1
423,7,3
423,8,5
423,9,7
423,10,3
424,1,7
424,2,6
424,3,4
424,4,7
424,5,5
424,6,6
424,7,6
424,8,5
424,9,1
424,10,6
425,1,2
425,2,5
425,3,2
425,4,5
425,5,2
425,6,1
425,7,6
425,8,2
425,9,5
425,10,6
426,1,6
426,2,4
426,3,5
426,4,1
426,5,3
426,6,1
426,7,7
426,8,2
426,9,7
426,10,5
427,1,5
427,2,5
427,3,7
427,4,1
427,5,5
427,6,2
427,7,5
427,8,5
427,9,5
427,10,4
428,1,5
428,2,7
428,3,2
428,4,7
428,5,6
428,6,7
428,7,3
428,8,4
428,9,6
428,10,4
429,1,2
429,2,4
429,3,2
429,4,2
429,5,7
429,6,4
429,7,6
429,8,2
429,9,1
429,10,3
430,1,4
430,2,6
430,3,2
430,4,4
430,5,6
430,6,6
430,7,1
430,8,4
430,9,2
430,10,7
431,1,4
431,2,2
431,3,5
431,4,1
431,5,3
431,6,6
431,7,2
431,8,3
431,9,3
431,10,3
432,1,5
432,2,1
432,3,1
432,4,7
432,5,1
432,6,4
432,7,2
432,8,3
432,9,1
432,10,1
433,1,5
433,2,3
433,3,3
433,4,1
433,5,5
433,6,4
433,7,3
433,8,4
433,9,5
433,10,6
434,1,6
434,2,7
434,3,7
434,4,4
434,5,6
434,6,3
434,7,5
434,8,4
434,9,3
434,10,2
435,1,4
435,2,2
435,3,7
435,4,7
435,5,2
435,6,1
435,7,4
435,8,6
435,9,1
435,10,3
436,1,4
436,2,6
436,3,4
436,4,3
436,5,2
436,6,6
436,7,4
436,8,1
436,9,4
436,10,4
437,1,2
437,2,7
437,3,2
437,4,5
437,5,2
437,6,5
437,7,5
437,8,5
437,9,3
437,10,6
438,1,7
438,2,3
438,3,1
438,4,5
438,5,5
438,6,1
438,7,1
438,8,1
438,9,6
438,10,2
439,1,5
439,2,6
439,3,6
439,4,6
439,5,1
439,6,7
439,7,3
439,8,7
439,9,1
439,10,4
440,1,7
440,2,3
440,3,2
440,4,6
440,5,2
440,6,4
440,7,4
440,8,4
440,9,4
440,10,2
441,1,2
441,2,4
441,3,6
441,4,7
441,5,6
441,6,3
441,7,5
441,8,2
441,9,7
441,10,7
442,1,3
442,2,5
442,3,5
442,4,6
442,5,3
442,6,7
442,7,6
442,8,3
442,9,3
442,10,4
443,1,6
443,2,5
443,3,4
443,4,7
443,5,1
443,6,3
443,7,2
443,8,2
443,9,3
443,10,6
444,1,7
444,2,7
444,3,4
444,4,7
444,5,1
444,6,6
444,7,6
444,8,7
444,9,3
444,10,5
445,1,3
445,2,6
445,3,1
445,4,5
445,5,7
445,6,7
445,7,4
445,8,6
445,9,6
445,10,7
446,1,7
446,2,6
446,3,5
446,4,3
446,5,4
446,6,3
446,7,1
446,8,2
446,9,4
446,10,7
447,1,1
447,2,7
447,3,2
447,4,7
447,5,5
447,6,3
447,7,2
447,8,6
447,9,5
447,10,3
448,1,6
448,2,6
448,3,1
448,4,2
448,5,3
448,6,5
448,7,2
448,8,2
448,9,5
448,10,4
449,1,3
449,2,7
449,3,6
449,4,6
449,5,1
449,6,7
449,7,6
449,8,1
449,9,1
449,10,5
450,1,6
450,2,2
450,3,1
450,4,7
450,5,7
450,6,7
450,7,2
450,8,7
450,9,3
450,10,6
451,1,5
451,2,1
451,3,1
451,4,6
451,5,7
451,6,3
451,7,3
451,8,4
451,9,7
451,10,5
452,1,1
452,2,2
452,3,4
452,4,3
452,5,6
452,6,1
452,7,1
452,8,7
452,9,6
452,10,1
453,1,6
453,2,6
453,3,1
453,4,7
453,5,1
453,6,3
453,7,3
453,8,4
453,9,4
453,10,2
454,1,7
454,2,7
454,3,6
454,4,3
454,5,2
454,6,3
454,7,2
454,8,5
454,9,6
454,10,4
455,1,2
455,2,5
455,3,7
455,4,5
455,5,2
455,6,5
455,7,2
455,8,7
455,9,7
455,10,5
456,1,6
456,2,5
456,3,7
456,4,5
456,5,2
456,6,2
456,7,4
456,8,7
456,9,4
456,10,6
457,1,6
457,2,6
457,3,7
457,4,7
457,5,1
457,6,1
457,7,7
457,8,5
457,9,6
457,10,6
458,1,2
458,2,7
458,3,7
458,4,1
458,5,2
458,6,2
458,7,2
458,8,5
458,9,5
458,10,4
459,1,6
459,2,6
459,3,2
459,4,3
459,5,1
459,6,1
459,7,7
459,8,3
459,9,4
459,10,5
460,1,4
460,2,3
460,3,4
460,4,2
460,5,1
460,6,6
460,7,1
460,8,7
460,9,7
460,10,1
461,1,4
461,2,6
461,3,3
461,4,2
461,5,7
461,6,3
461,7,5
461,8,1
461,9,1
461,10,4
462,1,5
462,2,2
462,3,5
462,4,2
462,5,3
462,6,6
462,7,1
462,8,3
462,9,2
462,10,2
463,1,3
463,2,5
463,3,2
463,4,6
463,5,6
463,6,1
463,7,4
463,8,4
463,9,5
463,10,5
464,1,4
464,2,6
464,3,4
464,4,5
464,5,5
464,6,6
464,7,4
464,8,6
464,9,3
464,10,7
465,1,5
465,2,7
465,3,7
465,4,6
465,5,1
465,6,5
465,7,4
465,8,7
465,9,3
465,10,6
466,1,2
466,2,1
466,3,1
466,4,5
466,5,3
466,6,1
466,7,5
466,8,2
466,9,2
466,10,2
467,1,4
467,2,5
467,3,6
467,4,2
467,5,5
467,6,4
467,7,4
467,8,2
467,9,3
467,10,3
468,1,3
468,2,4
468,3,6
468,4,3
468,5,4
468,6,6
468,7,5
468,8,7
468,9,7
468,10,1
469,1,4
469,2,3
469,3,3
469,4,2
469,5,6
469,6,3
469,7,6
469,8,3
469,9,1
469,10,3
470,1,1
470,2,6
470,3,6
470,4,5
470,5,2
470,6,3
470,7,6
470,8,2
470,9,3
470,10,1
471,1,6
471,2,1
471,3,4
471,4,1
471,5,6
471,6,6
471,7,3
471,8,6
471,9,5
471,10,7
472,1,5
472,2,6
472,3,5
472,4,3
472,5,1
472,6,1
472,7,5
472,8,7
472,9,1
472,10,1
473,1,2
473,2,2
473,3,4
473,4,4
473,5,5
473,6,7
473,7,2
473,8,6
473,9,7
473,10,7
474,1,6
474,2,7
474,3,4
474,4,7
474,5,2
474,6,3
474,7,7
474,8,3
474,9,6
474,10,3
475,1,6
475,2,5
475,3,6
475,4,7
475,5,6
475,6,6
475,7,1
475,8,6
475,9,3
475,10,6
476,1,1
476,2,3
476,3,1
476,4,1
476,5,7
476,6,7
476,7,5
476,8,2
476,9,5
476,10,7
477,1,4
477,2,5
477,3,1
477,4,2
477,5,5
477,6,7
477,7,1
477,8,5
477,9,5
477,10,2
478,1,1
478,2,2
478,3,4
478,4,1
478,5,4
478,6,2
478,7,3
478,8,2
478,9,4
478,10,2
479,1,2
479,2,5
479,3,4
479,4,7
479,5,1
479,6,6
479,7,7
479,8,2
479,9,5
479,10,3
480,1,6
480,2,3
480,3,6
480,4,1
480,5,7
480,6,1
480,7,6
480,8,2
480,9,4
480,10,5
481,1,2
481,2,4
481,3,5
481,4,1
481,5,5
481,6,3
481,7,5
481,8,5
481,9,7
481,10,6
482,1,7
482,2,1
482,3,6
482,4,1
482,5,5
482,6,2
482,7,4
482,8,3
482,9,3
482,10,4
483,1,5
483,2,5
483,3,3
483,4,4
483,5,5
483,6,3
483,7,2
483,8,3
483,9,4
483,10,7
484,1,2
484,2,5
484,3,4
484,4,2
484,5,6
484,6,7
484,7,3
484,8,6
484,9,2
484,10,1
485,1,2
485,2,6
485,3,4
485,4,3
485,5,1
485,6,3
485,7,7
485,8,3
485,9,2
485,10,2
486,1,3
486,2,2
486,3,3
486,4,1
486,5,6
486,6,1
486,7,6
486,8,7
486,9,6
486,10,7
487,1,1
487,2,1
487,3,4
487,4,4
487,5,4
487,6,4
487,7,5
487,8,5
487,9,5
487,10,2
488,1,6
488,2,3
488,3,7
488,4,7
488,5,2
488,6,3
488,7,2
488,8,6
488,9,3
488,10,7
489,1,5
489,2,1
489,3,5
489,4,7
489,5,4
489,6,2
489,7,6
489,8,5
489,9,1
489,10,1
490,1,6
490,2,6
490,3,1
490,4,1
490,5,3
490,6,6
490,7,7
490,8,2
490,9,7
490,10,3
491,1,4
491,2,1
491,3,5
491,4,5
491,5,7
491,6,3
491,7,6
491,8,4
491,9,7
491,10,3
492,1,2
492,2,5
492,3,7
492,4,1
492,5,4
492,6,7
492,7,2
492,8,7
492,9,1
492,10,6
493,1,7
493,2,4
493,3,3
493,4,1
493,5,3
493,6,7
493,7,1
493,8,2
493,9,4
493,10,5
494,1,7
494,2,5
494,3,2
494,4,6
494,5,5
494,6,4
494,7,3
494,8,3
494,9,7
494,10,5
495,1,1
495,2,3
495,3,7
495,4,7
495,5,5
495,6,4
495,7,3
495,8,6
495,9,4
495,10,7
496,1,4
496,2,5
496,3,2
496,4,5
496,5,6
496,6,4
496,7,3
496,8,1
496,9,4
496,10,1
497,1,7
497,2,4
497,3,7
497,4,6
497,5,5
497,6,1
497,7,1
497,8,3
497,9,1
497,10,1
498,1,1
498,2,7
498,3,2
498,4,4
498,5,4
498,6,2
498,7,7
498,8,7
498,9,4
498,10,2
499,1,2
499,2,6
499,3,2
499,4,6
499,5,4
499,6,5
499,7,7
499,8,2
499,9,1
499,10,6
500,1,4
500,2,6
500,3,3
500,4,4
500,5,5
500,6,7
500,7,3
500,8,2
500,9,5
500,10,7
501,1,4
501,2,6
501,3,7
501,4,3
501,5,6
501,6,4
501,7,5
501,8,5
501,9,5
501,10,5
502,1,4
502,2,4
502,3,2
502,4,3
502,5,5
502,6,2
502,7,1
502,8,5
502,9,4
502,10,1
503,1,2
503,2,5
503,3,6
503,4,4
503,5,1
503,6,3
503,7,3
503,8,6
503,9,5
503,10,5
504,1,4
504,2,4
504,3,2
504,4,1
504,5,2
504,6,1
504,7,7
504,8,5
504,9,1
504,10,2
505,1,2
505,2,5
505,3,1
505,4,5
505,5,1
505,6,7
505,7,1
505,8,4
505,9,3
505,10,1
506,1,1
506,2,4
506,3,1
506,4,1
506,5,5
506,6,3
506,7,7
506,8,5
506,9,2
506,10,6
507,1,1
507,2,2
507,3,1
507,4,1
507,5,1
507,6,6
507,7,6
507,8,4
507,9,2
507,10,6
508,1,4
508,2,5
508,3,3
508,4,4
508,5,1
508,6,2
508,7,3
508,8,3
508,9,4
508,10,4
509,1,6
509,2,5
509,3,6
509,4,1
509,5,4
509,6,3
509,7,3
509,8,6
509,9,5
509,10,6
510,1,6
510,2,3
510,3,5
510,4,1
510,5,3
510,6,6
510,7,5
510,8,5
510,9,1
510,10,3
511,1,7
511,2,2
511,3,7
511,4,6
511,5,1
511,6,3
511,7,3
511,8,2
511,9,1
511,10,2
512,1,7
512,2,1
512,3,5
512,4,7
512,5,7
512,6,5
512,7,4
512,8,3
512,9,6
512,10,1
513,1,3
513,2,1
513,3,4
513,4,5
513,5,6
513,6,3
513,7,5
513,8,4
513,9,3
513,10,1
514,1,2
514,2,3
514,3,2
514,4,7
514,5,2
514,6,4
514,7,3
514,8,7
514,9,3
514,10,2
515,1,3
515,2,4
515,3,2
515,4,2
515,5,5
515,6,6
515,7,6
515,8,3
515,9,4
515,10,1
516,1,3
516,2,4
516,3,4
516,4,1
516,5,1
516,6,7
516,7,7
516,8,5
516,9,2
516,10,7
517,1,5
517,2,4
517,3,2
517,4,1
517,5,3
517,6,7
517,7,3
517,8,7
517,9,7
517,10,3
518,1,7
518,2,3
518,3,4
518,4,2
518,5,3
518,6,3
518,7,3
518,8,2
518,9,2
518,10,1
519,1,7
519,2,3
519,3,4
519,4,4
519,5,1
519,6,2
519,7,6
519,8,1
519,9,3
519,10,3
520,1,4
520,2,6
520,3,1
520,4,1
520,5,2
520,6,5
520,7,3
520,8,2
520,9,1
520,10,3
521,1,7
521,2,3
521,3,4
521,4,7
521,5,5
521,6,2
521,7,7
521,8,7
521,9,2
521,10,1
522,1,5
522,2,3
522,3,3
522,4,6
522,5,4
522,6,2
522,7,2
522,8,2
522,9,5
522,10,6
523,1,7
523,2,1
523,3,4
523,4,5
523,5,7
523,6,4
523,7,1
523,8,2
523,9,5
523,10,5
524,1,4
524,2,5
524,3,3
524,4,6
524,5,2
524,6,4
524,7,4
524,8,2
524,9,7
524,10,2
525,1,4
525,2,3
525,3,1
525,4,7
525,5,2
525,6,4
525,7,2
525,8,6
525,9,1
525,10,3
526,1,7
526,2,7
526,3,1
526,4,6
526,5,1
526,6,2
526,7,3
526,8,2
526,9,7
526,10,7
527,1,4
527,2,1
527,3,5
527,4,6
527,5,1
527,6,4
527,7,6
527,8,1
527,9,2
527,10,3
528,1,5
528,2,7
528,3,3
528,4,3
528,5,1
528,6,1
528,7,6
528,8,6
528,9,3
528,10,2
529,1,7
529,2,5
529,3,7
529,4,6
529,5,7
529,6,7
529,7,1
529,8,6
529,9,2
529,10,6
530,1,3
530,2,4
530,3,5
530,4,1
530,5,1
530,6,7
530,7,1
530,8,4
530,9,4
530,10,2
531,1,4
531,2,3
531,3,1
531,4,6
531,5,4
531,6,2
531,7,7
531,8,2
531,9,4
531,10,6
532,1,1
532,2,3
532,3,4
532,4,1
532,5,7
532,6,2
532,7,7
532,8,7
532,9,1
532,10,4
533,1,2
533,2,3
533,3,6
533,4,6
533,5,6
533,6,1
533,7,3
533,8,6
533,9,4
533,10,2
534,1,1
534,2,7
534,3,7
534,4,3
534,5,2
534,6,1
534,7,2
534,8,1
534,9,7
534,10,6
535,1,3
535,2,1
535,3,1
535,4,4
535,5,5
535,6,2
535,7,7
535,8,7
535,9,4
535,10,7
536,1,2
536,2,5
536,3,3
536,4,4
536,5,2
536,6,6
536,7,4
536,8,5
536,9,7
536,10,5
537,1,1
537,2,7
537,3,2
537,4,3
537,5,1
537,6,1
537,7,5
537,8,6
537,9,4
537,10,4
538,1,5
538,2,7
538,3,2
538,4,1
538,5,5
538,6,6
538,7,7
538,8,1
538,9,3
538,10,4
539,1,4
539,2,2
539,3,5
539,4,3
539,5,5
539,6,5
539,7,2
539,8,7
539,9,2
539,10,2
540,1,5
540,2,5
540,3,5
540,4,1
540,5,6
540,6,2
540,7,3
540,8,4
540,9,5
540,10,7
541,1,7
541,2,7
541,3,5
541,4,2
541,5,3
541,6,3
541,7,6
541,8,5
541,9,1
541,10,2
542,1,3
542,2,2
542,3,6
542,4,2
542,5,7
542,6,1
542,7,5
542,8,1
542,9,1
542,10,6
543,1,3
543,2,4
543,3,1
543,4,6
543,5,2
543,6,4
543,7,5
543,8,7
543,9,1
543,10,2
544,1,1
544,2,3
544,3,6
544,4,6
544,5,7
544,6,4
544,7,5
544,8,3
544,9,4
544,10,3
545,1,7
545,2,7
545,3,6
545,4,5
545,5,2
545,6,6
545,7,6
545,8,2
545,9,7
545,10,1
546,1,3
546,2,6
546,3,3
546,4,1
546,5,6
546,6,6
546,7,3
546,8,2
546,9,7
546,10,6
547,1,4
547,2,7
547,3,3
547,4,3
547,5,4
547,6,7
547,7,2
547,8,4
547,9,5
547,10,1
548,1,1
548,2,5
548,3,4
548,4,6
548,5,1
548,6,6
548,7,7
548,8,7
548,9,6
548,10,4
549,1,4
549,2,3
549,3,1
549,4,3
549,5,7
549,6,6
549,7,6
549,8,3
549,9,2
549,10,6
550,1,1
550,2,1
550,3,2
550,4,5
550,5,7
550,6,2
550,7,5
550,8,3
550,9,3
550,10,7
551,1,7
551,2,2
551,3,6
551,4,1
551,5,7
551,6,2
551,7,1
551,8,3
551,9,7
551,10,1
552,1,5
552,2,5
552,3,4
552,4,6
552,5,6
552,6,3
552,7,6
552,8,5
552,9,7
552,10,6
553,1,3
553,2,7
553,3,1
553,4,6
553,5,2
553,6,7
553,7,5
553,8,4
553,9,1
553,10,3
554,1,2
554,2,4
554,3,3
554,4,5
554,5,5
554,6,1
554,7,2
554,8,2
554,9,6
554,10,7
555,1,1
555,2,6
555,3,6
555,4,7
555,5,7
555,6,7
555,7,3
555,8,3
555,9,4
555,10,7
556,1,5
556,2,4
556,3,6
556,4,1
556,5,6
556,6,3
556,7,4
556,8,4
556,9,3
556,10,6
557,1,3
557,2,1
557,3,2
557,4,4
557,5,5
557,6,6
557,7,1
557,8,5
557,9,3
557,10,6
558,1,3
558,2,2
558,3,4
558,4,6
558,5,4
558,6,1
558,7,1
558,8,6
558,9,2
558,10,2
559,1,4
559,2,5
559,3,5
559,4,1
559,5,7
559,6,7
559,7,7
559,8,2
559,9,2
559,10,4
560,1,1
560,2,2
560,3,6
560,4,6
560,5,2
560,6,2
560,7,2
560,8,4
560,9,7
560,10,2
561,1,2
561,2,4
561,3,7
561,4,7
561,5,5
561,6,7
561,7,5
561,8,1
561,9,2
561,10,5
562,1,5
562,2,7
562,3,1
562,4,2
562,5,2
562,6,7
562,7,5
562,8,6
562,9,3
562,10,3
563,1,3
563,2,1
563,3,1
563,4,3
563,5,1
563,6,7
563,7,6
563,8,5
563,9,1
563,10,3
564,1,5
564,2,2
564,3,3
564,4,5
564,5,3
564,6,5
564,7,2
564,8,5
564,9,3
564,10,2
565,1,5
565,2,7
565,3,5
565,4,3
565,5,4
565,6,2
565,7,5
565,8,4
565,9,4
565,10,5
566,1,3
566,2,3
566,3,3
566,4,6
566,5,4
566,6,7
566,7,4
566,8,7
566,9,5
566,10,3
567,1,4
567,2,2
567,3,3
567,4,6
567,5,5
567,6,6
567,7,1
567,8,5
567,9,5
567,10,7
568,1,2
568,2,4
568,3,7
568,4,5
568,5,7
568,6,1
568,7,6
568,8,6
568,9,2
568,10,2
569,1,6
569,2,7
569,3,5
569,4,1
569,5,1
569,6,4
569,7,6
569,8,1
569,9,7
569,10,1
570,1,2
570,2,5
570,3,2
570,4,6
570,5,1
570,6,7
570,7,4
570,8,7
570,9,3
570,10,4
571,1,3
571,2,5
571,3,6
571,4,6
571,5,5
571,6,4
571,7,2
571,8,7
571,9,6
571,10,1
572,1,3
572,2,3
572,3,6
572,4,4
572,5,6
572,6,4
572,7,1
572,8,7
572,9,1
572,10,3
573,1,7
573,2,1
573,3,1
573,4,7
573,5,1
573,6,5
573,7,4
573,8,1
573,9,6
573,10,6
574,1,4
574,2,5
574,3,2
574,4,2
574,5,3
574,6,4
574,7,5
574,8,5
574,9,7
574,10,3
575,1,5
575,2,5
575,3,5
575,4,3
575,5,1
575,6,4
575,7,5
575,8,5
575,9,5
575,10,3
576,1,5
576,2,3
576,3,3
576,4,3
576,5,4
576,6,1
576,7,3
576,8,2
576,9,2
576,10,1
577,1,3
577,2,5
577,3,2
577,4,2
577,5,4
577,6,2
577,7,6
577,8,6
577,9,4
577,10,3
578,1,6
578,2,2
578,3,7
578,4,3
578,5,4
578,6,2
578,7,6
578,8,2
578,9,6
578,10,1
579,1,2
579,2,2
579,3,7
579,4,2
579,5,6
579,6,2
579,7,4
579,8,2
579,9,7
579,10,3
580,1,4
580,2,5
580,3,1
580,4,6
580,5,2
580,6,1
580,7,4
580,8,1
580,9,4
580,10,6
581,1,4
581,2,6
581,3,1
581,4,7
581,5,4
581,6,6
581,7,4
581,8,3
581,9,3
581,10,7
582,1,1
582,2,6
582,3,6
582,4,1
582,5,4
582,6,6
582,7,7
582,8,4
582,9,7
582,10,4
583,1,3
583,2,5
583,3,6
583,4,2
583,5,7
583,6,2
583,7,2
583,8,4
583,9,7
583,10,6
584,1,2
584,2,6
584,3,4
584,4,7
584,5,5
584,6,7
584,7,3
584,8,6
584,9,7
584,10,4
585,1,7
585,2,5
585,3,2
585,4,6
585,5,7
585,6,3
585,7,7
585,8,7
585,9,2
585,10,6
586,1,4
586,2,6
586,3,3
586,4,7
586,5,4
586,6,7
586,7,7
586,8,7
586,9,1
586,10,2
587,1,6
587,2,2
587,3,4
587,4,7
587,5,7
587,6,3
587,7,4
587,8,5
587,9,2
587,10,1
588,1,5
588,2,2
588,3,2
588,4,6
588,5,5
588,6,5
588,7,4
588,8,2
588,9,5
588,10,4
589,1,7
589,2,4
589,3,2
589,4,5
589,5,1
589,6,5
589,7,7
589,8,5
589,9,5
589,10,5
590,1,3
590,2,2
590,3,1
590,4,6
590,5,7
590,6,3
590,7,2
590,8,3
590,9,4
590,10,4
591,1,4
591,2,2
591,3,5
591,4,5
591,5,6
591,6,3
591,7,4
591,8,6
591,9,2
591,10,6
592,1,2
592,2,3
592,3,2
592,4,4
592,5,1
592,6,4
592,7,7
592,8,2
592,9,7
592,10,7
593,1,7
593,2,7
593,3,7
593,4,5
593,5,3
593,6,6
593,7,6
593,8,3
593,9,5
593,10,7
594,1,6
594,2,4
594,3,3
594,4,1
594,5,1
594,6,5
594,7,5
594,8,5
594,9,7
594,10,3
595,1,7
595,2,4
595,3,7
595,4,1
595,5,7
595,6,4
595,7,4
595,8,2
595,9,5
595,10,1
596,1,6
596,2,1
596,3,5
596,4,1
596,5,3
596,6,2
596,7,2
596,8,7
596,9,5
596,10,5
597,1,6
597,2,6
597,3,5
597,4,4
597,5,4
597,6,2
597,7,4
597,8,6
597,9,5
597,10,2
598,1,4
598,2,3
598,3,3
598,4,5
598,5,4
598,6,7
598,7,2
598,8,6
598,9,5
598,10,7
599,1,4
599,2,5
599,3,4
599,4,1
599,5,1
599,6,7
599,7,3
599,8,2
599,9,7
599,10,1
600,1,7
600,2,5
600,3,4
600,4,3
600,5,6
600,6,1
600,7,6
600,8,5
600,9,4
600,10,1
601,1,2
601,2,5
601,3,7
601,4,5
601,5,6
601,6,5
601,7,5
601,8,2
601,9,1
601,10,7
602,1,2
602,2,1
602,3,3
602,4,2
602,5,4
602,6,3
602,7,3
602,8,4
602,9,1
602,10,5
603,1,2
603,2,4
603,3,3
603,4,7
603,5,7
603,6,7
603,7,7
603,8,5
603,9,1
603,10,3
604,1,1
604,2,6
604,3,6
604,4,6
604,5,4
604,6,4
604,7,5
604,8,2
604,9,5
604,10,3
605,1,4
605,2,5
605,3,2
605,4,1
605,5,6
605,6,7
605,7,1
605,8,3
605,9,7
605,10,2
606,1,6
606,2,7
606,3,6
606,4,5
606,5,5
606,6,6
606,7,3
606,8,7
606,9,6
606,10,4
607,1,3
607,2,7
607,3,7
607,4,2
607,5,5
607,6,4
607,7,1
607,8,1
607,9,6
607,10,4
608,1,5
608,2,7
608,3,4
608,4,1
608,5,5
608,6,1
608,7,6
608,8,6
608,9,4
608,10,2
609,1,5
609,2,7
609,3,5
609,4,3
609,5,2
609,6,7
609,7,7
609,8,7
609,9,5
609,10,2
610,1,1
610,2,7
610,3,3
610,4,6
610,5,2
610,6,5
610,7,3
610,8,1
610,9,5
610,10,3
611,1,2
611,2,4
611,3,2
611,4,3
611,5,7
611,6,1
611,7,1
611,8,3
611,9,4
611,10,7
612,1,3
612,2,4
612,3,4
612,4,1
612,5,7
612,6,3
612,7,3
612,8,6
612,9,7
612,10,2
613,1,6
613,2,1
613,3,2
613,4,3
613,5,3
613,6,2
613,7,7
613,8,7
613,9,5
613,10,4
614,1,5
614,2,1
614,3,1
614,4,4
614,5,7
614,6,3
614,7,7
614,8,7
614,9,2
614,10,4
615,1,4
615,2,4
615,3,7
615,4,7
615,5,3
615,6,3
615,7,7
615,8,3
615,9,7
615,10,2
616,1,1
616,2,3
616,3,3
616,4,4
616,5,5
616,6,6
616,7,5
616,8,5
616,9,4
616,10,5
617,1,6
617,2,3
617,3,4
617,4,3
617,5,3
617,6,4
617,7,4
617,8,1
617,9,5
617,10,4
618,1,3
618,2,5
618,3,6
618,4,6
618,5,3
618,6,2
618,7,1
618,8,5
618,9,1
618,10,1
619,1,4
619,2,4
619,3,1
619,4,2
619,5,2
619,6,3
619,7,1
619,8,6
619,9,2
619,10,6
620,1,3
620,2,2
620,3,6
620,4,1
620,5,1
620,6,3
620,7,4
620,8,4
620,9,5
620,10,1
621,1,7
621,2,2
621,3,5
621,4,2
621,5,1
621,6,7
621,7,6
621,8,1
621,9,1
621,10,3
622,1,1
622,2,4
622,3,2
622,4,4
622,5,6
622,6,7
622,7,5
622,8,7
622,9,1
622,10,5
623,1,5
623,2,6
623,3,5
623,4,5
623,5,4
623,6,7
623,7,2
623,8,7
623,9,2
623,10,6
624,1,1
624,2,4
624,3,4
624,4,2
624,5,4
624,6,1
624,7,3
624,8,7
624,9,4
624,10,4
625,1,3
625,2,2
625,3,1
625,4,2
625,5,1
625,6,1
625,7,5
625,8,7
625,9,4
625,10,1
626,1,5
626,2,1
626,3,5
626,4,1
626,5,7
626,6,3
626,7,3
626,8,7
626,9,7
626,10,4
627,1,1
627,2,7
627,3,5
627,4,5
627,5,7
627,6,3
627,7,7
627,8,6
627,9,1
627,10,2
628,1,1
628,2,4
628,3,3
628,4,1
628,5,1
628,6,5
628,7,7
628,8,1
628,9,4
628,10,5
629,1,1
629,2,3
629,3,4
629,4,6
629,5,3
629,6,5
629,7,4
629,8,5
629,9,3
629,10,4
630,1,1
630,2,4
630,3,6
630,4,2
630,5,5
630,6,3
630,7,4
630,8,7
630,9,5
630,10,3
631,1,5
631,2,6
631,3,2
631,4,5
631,5,7
631,6,4
631,7,5
631,8,3
631,9,1
631,10,3
632,1,2
632,2,5
632,3,6
632,4,6
632,5,2
632,6,1
632,7,7
632,8,5
632,9,3
632,10,6
633,1,3
633,2,6
633,3,6
633,4,7
633,5,2
633,6,6
633,7,5
633,8,2
633,9,6
633,10,2
634,1,7
634,2,1
634,3,2
634,4,1
634,5,5
634,6,6
634,7,1
634,8,6
634,9,7
634,10,5
635,1,3
635,2,6
635,3,3
635,4,1
635,5,5
635,6,7
635,7,7
635,8,5
635,9,1
635,10,5
636,1,3
636,2,6
636,3,6
636,4,2
636,5,3
636,6,7
636,7,6
636,8,5
636,9,1
636,10,1
637,1,1
637,2,2
637,3,5
637,4,2
637,5,5
637,6,1
637,7,3
637,8,6
637,9,3
637,10,7
638,1,6
638,2,3
638,3,1
638,4,2
638,5,5
638,6,1
638,7,4
638,8,2
638,9,4
638,10,5
639,1,1
639,2,2
639,3,1
639,4,2
639,5,7
639,6,6
639,7,1
639,8,5
639,9,3
639,10,5
640,1,6
640,2,2
640,3,5
640,4,1
640,5,6
640,6,5
640,7,1
640,8,6
640,9,1
640,10,5
641,1,3
641,2,3
641,3,6
641,4,6
641,5,4
641,6,3
641,7,1
641,8,3
641,9,1
641,10,3
642,1,3
642,2,7
642,3,7
642,4,4
642,5,7
642,6,2
642,7,1
642,8,5
642,9,6
642,10,1
643,1,2
643,2,4
643,3,6
643,4,7
643,5,2
643,6,7
643,7,7
643,8,2
643,9,6
643,10,6
644,1,4
644,2,1
644,3,3
644,4,2
644,5,5
644,6,6
644,7,5
644,8,5
644,9,6
644,10,4
645,1,6
645,2,3
645,3,7
645,4,1
645,5,2
645,6,7
645,7,5
645,8,2
645,9,2
645,10,1
646,1,4
646,2,4
646,3,6
646,4,4
646,5,1
646,6,5
646,7,7
646,8,5
646,9,3
646,10,5
647,1,4
647,2,3
647,3,2
647,4,4
647,5,5
647,6,4
647,7,2
647,8,6
647,9,2
647,10,3
648,1,5
648,2,7
648,3,2
648,4,2
648,5,1
648,6,1
648,7,2
648,8,5
648,9,4
648,10,3
649,1,6
649,2,1
649,3,1
649,4,3
649,5,2
649,6,7
649,7,7
649,8,4
649,9,2
649,10,4
650,1,4
650,2,1
650,3,4
650,4,3
650,5,4
650,6,3
650,7,4
650,8,1
650,9,5
650,10,3
651,1,1
651,2,1
651,3,4
651,4,7
651,5,2
651,6,6
651,7,1
651,8,1
651,9,1
651,10,6
652,1,6
652,2,1
652,3,6
652,4,4
652,5,7
652,6,7
652,7,4
652,8,3
652,9,5
652,10,3
653,1,2
653,2,1
653,3,1
653,4,1
653,5,2
653,6,5
653,7,5
653,8,6
653,9,1
653,10,7
654,1,1
654,2,2
654,3,3
654,4,6
654,5,7
654,6,2
654,7,4
654,8,5
654,9,1
654,10,1
655,1,1
655,2,3
655,3,1
655,4,6
655,5,2
655,6,2
655,7,1
655,8,1
655,9,4
655,10,3
656,1,3
656,2,2
656,3,6
656,4,5
656,5,3
656,6,6
656,7,5
656,8,1
656,9,2
656,10,1
657,1,5
657,2,6
657,3,7
657,4,4
657,5,4
657,6,4
657,7,2
657,8,6
657,9,2
657,10,5
658,1,4
658,2,5
658,3,1
658,4,2
658,5,1
658,6,7
658,7,3
658,8,6
658,9,7
658,10,2
659,1,1
659,2,4
659,3,2
659,4,2
659,5,3
659,6,6
659,7,4
659,8,6
659,9,2
659,10,6
660,1,5
660,2,6
660,3,5
660,4,3
660,5,3
660,6,1
660,7,5
660,8,7
660,9,2
660,10,5
661,1,6
661,2,7
661,3,1
661,4,5
661,5,7
661,6,4
661,7,4
661,8,2
661,9,2
661,10,1
662,1,6
662,2,1
662,3,7
662,4,5
662,5,3
662,6,5
662,7,4
662,8,6
662,9,1
662,10,5
663,1,2
663,2,6
663,3,6
663,4,6
663,5,6
663,6,4
663,7,5
663,8,1
663,9,6
663,10,5
664,1,1
664,2,1
664,3,6
664,4,1
664,5,4
664,6,3
664,7,5
664,8,5
664,9,4
664,10,2
665,1,6
665,2,3
665,3,3
665,4,2
665,5,5
665,6,5
665,7,2
665,8,2
665,9,3
665,10,6
666,1,3
666,2,1
666,3,1
666,4,5
666,5,1
666,6,2
666,7,1
666,8,1
666,9,4
666,10,5
667,1,7
667,2,4
667,3,6
667,4,5
667,5,4
667,6,5
667,7,3
667,8,7
667,9,5
667,10,3
668,1,1
668,2,2
668,3,4
668,4,7
668,5,3
668,6,4
668,7,5
668,8,7
668,9,5
668,10,1
669,1,5
669,2,3
669,3,3
669,4,3
669,5,5
669,6,2
669,7,1
669,8,2
669,9,3
669,10,1
670,1,6
670,2,4
670,3,3
670,4,4
670,5,1
670,6,2
670,7,3
670,8,3
670,9,1
670,10,6
671,1,7
671,2,1
671,3,3
671,4,4
671,5,7
671,6,6
671,7,2
671,8,3
671,9,3
671,10,2
672,1,2
672,2,6
672,3,3
672,4,2
672,5,5
672,6,6
672,7,7
672,8,5
672,9,7
672,10,2
673,1,5
673,2,3
673,3,1
673,4,2
673,5,2
673,6,5
673,7,4
673,8,1
673,9,5
673,10,3
674,1,7
674,2,5
674,3,2
674,4,2
674,5,1
674,6,4
674,7,2
674,8,1
674,9,2
674,10,4
675,1,4
675,2,5
675,3,2
675,4,3
675,5,1
675,6,5
675,7,6
675,8,6
675,9,6
675,10,6
676,1,3
676,2,6
676,3,4
676,4,5
676,5,7
676,6,7
676,7,4
676,8,2
676,9,1
676,10,7
677,1,2
677,2,7
677,3,6
677,4,4
677,5,5
677,6,6
677,7,3
677,8,4
677,9,4
677,10,4
678,1,3
678,2,1
678,3,6
678,4,4
678,5,4
678,6,3
678,7,4
678,8,1
678,9,4
678,10,7
679,1,2
679,2,2
679,3,4
679,4,6
679,5,3
679,6,1
679,7,5
679,8,3
679,9,6
679,10,2
680,1,3
680,2,6
680,3,2
680,4,3
680,5,7
680,6,4
680,7,6
680,8,3
680,9,4
680,10,2
681,1,5
681,2,3
681,3,3
681,4,5
681,5,5
681,6,1
681,7,2
681,8,3
681,9,2
681,10,2
682,1,3
682,2,2
682,3,2
682,4,2
682,5,4
682,6,3
682,7,2
682,8,7
682,9,7
682,10,1
683,1,6
683,2,3
683,3,7
683,4,3
683,5,5
683,6,6
683,7,5
683,8,7
683,9,3
683,10,1
684,1,7
684,2,4
684,3,6
684,4,7
684,5,7
684,6,2
684,7,6
684,8,2
684,9,7
684,10,3
685,1,2
685,2,7
685,3,6
685,4,3
685,5,3
685,6,5
685,7,5
685,8,3
685,9,1
685,10,2
686,1,4
686,2,7
686,3,6
686,4,3
686,5,1
686,6,7
686,7,2
686,8,6
686,9,5
686,10,2
687,1,2
687,2,3
687,3,7
687,4,3
687,5,3
687,6,1
687,7,2
687,8,7
687,9,1
687,10,7
688,1,7
688,2,3
688,3,2
688,4,1
688,5,1
688,6,6
688,7,5
688,8,3
688,9,1
688,10,6
689,1,2
689,2,6
689,3,5
689,4,2
689,5,6
689,6,5
689,7,4
689,8,7
689,9,3
689,10,6
690,1,4
690,2,2
690,3,1
690,4,3
690,5,7
690,6,5
690,7,2
690,8,6
690,9,7
690,10,1
691,1,3
691,2,3
691,3,1
691,4,2
691,5,5
691,6,6
691,7,2
691,8,6
691,9,4
691,10,2
692,1,6
692,2,5
692,3,3
692,4,5
692,5,7
692,6,5
692,7,6
692,8,2
692,9,5
692,10,3
693,1,2
693,2,6
693,3,7
693,4,3
693,5,3
693,6,5
693,7,2
693,8,5
693,9,2
693,10,6
694,1,6
694,2,7
694,3,6
694,4,6
694,5,3
694,6,4
694,7,4
694,8,7
694,9,3
694,10,6
695,1,1
695,2,7
695,3,7
695,4,3
695,5,3
695,6,7
695,7,4
695,8,6
695,9,3
695,10,5
696,1,7
696,2,6
696,3,6
696,4,5
696,5,5
696,6,1
696,7,5
696,8,6
696,9,6
696,10,3
697,1,2
697,2,5
697,3,4
697,4,7
697,5,3
697,6,4
697,7,5
697,8,5
697,9,6
697,10,3
698,1,7
698,2,6
698,3,1
698,4,2
698,5,3
698,6,1
698,7,4
698,8,5
698,9,4
698,10,7
699,1,2
699,2,4
699,3,7
699,4,2
699,5,3
699,6,6
699,7,7
699,8,7
699,9,3
699,10,7
700,1,1
700,2,4
700,3,2
700,4,2
700,5,1
700,6,2
700,7,6
700,8,2
700,9,6
700,10,5
701,1,3
701,2,4
701,3,5
701,4,3
701,5,1
701,6,7
701,7,2
701,8,5
701,9,2
701,10,7
702,1,5
702,2,5
702,3,1
702,4,7
702,5,6
702,6,6
702,7,7
702,8,2
702,9,7
702,10,5
703,1,6
703,2,4
703,3,2
703,4,1
703,5,7
703,6,5
703,7,4
703,8,2
703,9,4
703,10,1
704,1,3
704,2,7
704,3,6
704,4,7
704,5,6
704,6,1
704,7,3
704,8,1
704,9,4
704,10,3
705,1,3
705,2,3
705,3,1
705,4,1
705,5,7
705,6,1
705,7,7
705,8,5
705,9,6
705,10,5
706,1,5
706,2,4
706,3,3
706,4,1
706,5,1
706,6,4
706,7,7
706,8,3
706,9,6
706,10,6
707,1,7
707,2,2
707,3,6
707,4,3
707,5,5
707,6,1
707,7,2
707,8,6
707,9,5
707,10,5
708,1,1
708,2,3
708,3,2
708,4,6
708,5,3
708,6,3
708,7,4
708,8,3
708,9,6
708,10,1
709,1,4
709,2,3
709,3,7
709,4,3
709,5,3
709,6,6
709,7,1
709,8,4
709,9,4
709,10,2
710,1,3
710,2,1
710,3,7
710,4,6
710,5,4
710,6,5
710,7,4
710,8,7
710,9,2
710,10,4
711,1,6
711,2,6
711,3,3
711,4,4
711,5,6
711,6,1
711,7,5
711,8,1
711,9,2
711,10,3
712,1,2
712,2,6
712,3,3
712,4,1
712,5,6
712,6,2
712,7,3
712,8,6
712,9,3
712,10,5
713,1,3
713,2,5
713,3,2
713,4,1
713,5,3
713,6,7
713,7,4
713,8,3
713,9,1
713,10,6
714,1,4
714,2,7
714,3,5
714,4,7
714,5,7
714,6,6
714,7,7
714,8,5
714,9,6
714,10,3
715,1,3
715,2,5
715,3,2
715,4,1
715,5,5
715,6,1
715,7,6
715,8,4
715,9,7
715,10,5
716,1,2
716,2,7
716,3,5
716,4,2
716,5,1
716,6,6
716,7,7
716,8,1
716,9,5
716,10,1
717,1,2
717,2,3
717,3,3
717,4,4
717,5,2
717,6,5
717,7,5
717,8,6
717,9,2
717,10,5
718,1,7
718,2,7
718,3,6
718,4,1
718,5,6
718,6,4
718,7,3
718,8,5
718,9,1
718,10,2
719,1,3
719,2,7
719,3,7
719,4,4
719,5,3
719,6,5
719,7,4
719,8,4
719,9,2
719,10,5
720,1,4
720,2,3
720,3,5
720,4,6
720,5,1
720,6,5
720,7,3
720,8,3
720,9,2
720,10,3
721,1,4
721,2,5
721,3,5
721,4,2
721,5,2
721,6,4
721,7,4
721,8,3
721,9,4
721,10,3
722,1,7
722,2,2
722,3,5
722,4,6
722,5,4
722,6,1
722,7,4
722,8,3
722,9,6
722,10,1
723,1,6
723,2,5
723,3,3
723,4,2
723,5,5
723,6,5
723,7,1
723,8,7
723,9,4
723,10,4
724,1,2
724,2,4
724,3,3
724,4,7
724,5,1
724,6,1
724,7,4
724,8,5
724,9,6
724,10,5
725,1,5
725,2,1
725,3,5
725,4,1
725,5,6
725,6,4
725,7,6
725,8,4
725,9,1
725,10,4
726,1,3
726,2,4
726,3,5
726,4,1
726,5,1
726,6,6
726,7,3
726,8,7
726,9,6
726,10,1
727,1,4
727,2,4
727,3,1
727,4,1
727,5,1
727,6,1
727,7,5
727,8,1
727,9,7
727,10,7
728,1,4
728,2,7
728,3,2
728,4,3
728,5,2
728,6,2
728,7,2
728,8,5
728,9,2
728,10,7
729,1,5
729,2,4
729,3,1
729,4,7
729,5,6
729,6,7
729,7,7
729,8,4
729,9,6
729,10,6
730,1,4
730,2,4
730,3,4
730,4,2
730,5,5
730,6,5
730,7,4
730,8,1
730,9,5
730,10,6
731,1,4
731,2,3
731,3,7
731,4,7
731,5,1
731,6,7
731,7,3
731,8,7
731,9,4
731,10,1
732,1,3
732,2,5
732,3,3
732,4,3
732,5,5
732,6,3
732,7,4
732,8,3
732,9,1
732,10,2
733,1,4
733,2,7
733,3,5
733,4,4
733,5,7
733,6,1
733,7,3
733,8,3
733,9,4
733,10,3
734,1,6
734,2,4
734,3,2
734,4,2
734,5,5
734,6,3
734,7,1
734,8,3
734,9,7
734,10,3
735,1,4
735,2,3
735,3,1
735,4,7
735,5,5
735,6,7
735,7,7
735,8,6
735,9,6
735,10,3
736,1,5
736,2,2
736,3,1
736,4,2
736,5,2
736,6,7
736,7,7
736,8,4
736,9,4
736,10,5
737,1,2
737,2,7
737,3,1
737,4,5
737,5,7
737,6,2
737,7,4
737,8,3
737,9,5
737,10,3
738,1,2
738,2,2
738,3,7
738,4,4
738,5,5
738,6,7
738,7,6
738,8,6
738,9,6
738,10,1
739,1,3
739,2,5
739,3,3
739,4,1
739,5,1
739,6,4
739,7,7
739,8,6
739,9,2
739,10,3
740,1,6
740,2,2
740,3,5
740,4,4
740,5,5
740,6,6
740,7,5
740,8,4
740,9,3
740,10,5
741,1,7
741,2,1
741,3,1
741,4,1
741,5,1
741,6,3
741,7,4
741,8,2
741,9,4
741,10,1
742,1,4
742,2,4
742,3,7
742,4,7
742,5,5
742,6,2
742,7,1
742,8,3
742,9,6
742,10,5
743,1,7
743,2,5
743,3,4
743,4,7
743,5,7
743,6,5
743,7,7
743,8,1
743,9,1
743,10,6
744,1,7
744,2,5
744,3,7
744,4,6
744,5,1
744,6,7
744,7,1
744,8,4
744,9,2
744,10,7
745,1,3
745,2,2
745,3,4
745,4,3
745,5,4
745,6,6
745,7,5
745,8,4
745,9,7
745,10,1
746,1,4
746,2,7
746,3,7
746,4,2
746,5,2
746,6,3
746,7,7
746,8,2
746,9,3
746,10,7
747,1,1
747,2,7
747,3,1
747,4,7
747,5,3
747,6,7
747,7,1
747,8,5
747,9,6
747,10,3
748,1,4
748,2,1
748,3,2
748,4,7
748,5,5
748,6,1
748,7,7
748,8,7
748,9,4
748,10,2
749,1,2
749,2,6
749,3,6
749,4,6
749,5,4
749,6,3
749,7,1
749,8,2
749,9,2
749,10,7
750,1,1
750,2,3
750,3,6
750,4,5
750,5,4
750,6,7
750,7,6
750,8,2
750,9,5
750,10,7
751,1,6
751,2,6
751,3,4
751,4,4
751,5,2
751,6,2
751,7,4
751,8,2
751,9,3
751,10,4
752,1,3
752,2,6
752,3,5
752,4,6
752,5,1
752,6,7
752,7,2
752,8,2
752,9,5
752,10,4
753,1,3
753,2,7
753,3,4
753,4,5
753,5,3
753,6,7
753,7,5
753,8,3
753,9,5
753,10,2
754,1,1
754,2,6
754,3,4
754,4,5
754,5,7
754,6,2
754,7,3
754,8,2
754,9,3
754,10,6
755,1,3
755,2,1
755,3,7
755,4,2
755,5,4
755,6,3
755,7,2
755,8,3
755,9,3
755,10,2
756,1,5
756,2,4
756,3,7
756,4,7
756,5,4
756,6,7
756,7,7
756,8,4
756,9,2
756,10,1
757,1,2
757,2,6
757,3,2
757,4,3
757,5,2
757,6,2
757,7,3
757,8,7
757,9,7
757,10,1
758,1,2
758,2,6
758,3,1
758,4,1
758,5,2
758,6,3
758,7,2
758,8,1
758,9,5
758,10,6
759,1,2
759,2,4
759,3,1
759,4,5
759,5,3
759,6,4
759,7,6
759,8,6
759,9,2
759,10,5
760,1,7
760,2,2
760,3,7
760,4,5
760,5,4
760,6,5
760,7,4
760,8,2
760,9,3
760,10,5
761,1,5
761,2,1
761,3,1
761,4,3
761,5,5
761,6,3
761,7,2
761,8,7
761,9,1
761,10,1
762,1,7
762,2,6
762,3,7
762,4,1
762,5,1
762,6,5
762,7,6
762,8,5
762,9,3
762,10,2
763,1,6
763,2,3
763,3,7
763,4,7
763,5,3
763,6,2
763,7,3
763,8,4
763,9,7
763,10,5
764,1,7
764,2,1
764,3,5
764,4,6
764,5,4
764,6,3
764,7,3
764,8,1
764,9,3
764,10,4
765,1,5
765,2,3
765,3,1
765,4,7
765,5,5
765,6,6
765,7,7
765,8,4
765,9,7
765,10,1
766,1,3
766,2,7
766,3,6
766,4,7
766,5,6
766,6,5
766,7,6
766,8,7
766,9,3
766,10,7
767,1,1
767,2,2
767,3,6
767,4,5
767,5,5
767,6,3
767,7,5
767,8,5
767,9,7
767,10,2
768,1,7
768,2,5
768,3,2
768,4,2
768,5,6
768,6,3
768,7,5
768,8,5
768,9,5
768,10,7
769,1,7
769,2,5
769,3,3
769,4,4
769,5,4
769,6,5
769,7,5
769,8,4
769,9,2
769,10,1
770,1,2
770,2,6
770,3,6
770,4,2
770,5,6
770,6,4
770,7,3
770,8,2
770,9,4
770,10,3
771,1,4
771,2,1
771,3,4
771,4,5
771,5,7
771,6,7
771,7,2
771,8,4
771,9,1
771,10,3
772,1,7
772,2,3
772,3,2
772,4,3
772,5,1
772,6,6
772,7,5
772,8,6
772,9,4
772,10,6
773,1,7
773,2,5
773,3,1
773,4,6
773,5,6
773,6,3
773,7,7
773,8,1
773,9,2
773,10,1
774,1,1
774,2,6
774,3,4
774,4,7
774,5,6
774,6,3
774,7,1
774,8,3
774,9,7
774,10,4
775,1,3
775,2,2
775,3,4
775,4,2
775,5,6
775,6,1
775,7,3
775,8,7
775,9,6
775,10,5
776,1,1
776,2,4
776,3,4
776,4,2
776,5,5
776,6,3
776,7,1
776,8,4
776,9,1
776,10,1
777,1,5
777,2,6
777,3,7
777,4,6
777,5,7
777,6,7
777,7,5
777,8,1
777,9,6
777,10,3
778,1,2
778,2,2
778,3,1
778,4,3
778,5,5
778,6,3
778,7,1
778,8,3
778,9,2
778,10,5
779,1,7
779,2,6
779,3,1
779,4,5
779,5,5
779,6,3
779,7,2
779,8,2
779,9,4
779,10,1
780,1,5
780,2,7
780,3,4
780,4,3
780,5,2
780,6,1
780,7,2
780,8,7
780,9,3
780,10,3
781,1,7
781,2,6
781,3,6
781,4,7
781,5,4
781,6,4
781,7,5
781,8,7
781,9,7
781,10,6
782,1,3
782,2,1
782,3,1
782,4,7
782,5,1
782,6,7
782,7,6
782,8,7
782,9,3
782,10,7
783,1,6
783,2,6
783,3,6
783,4,5
783,5,3
783,6,1
783,7,2
783,8,6
783,9,5
783,10,6
784,1,1
784,2,4
784,3,4
784,4,6
784,5,6
784,6,5
784,7,1
784,8,3
784,9,2
784,10,1
785,1,4
785,2,4
785,3,1
785,4,1
785,5,5
785,6,4
785,7,7
785,8,6
785,9,3
785,10,5
786,1,5
786,2,1
786,3,3
786,4,5
786,5,3
786,6,5
786,7,7
786,8,7
786,9,7
786,10,1
787,1,6
787,2,2
787,3,6
787,4,3
787,5,5
787,6,2
787,7,1
787,8,2
787,9,3
787,10,4
788,1,4
788,2,2
788,3,2
788,4,1
788,5,4
788,6,7
788,7,6
788,8,5
788,9,1
788,10,7
789,1,7
789,2,1
789,3,4
789,4,1
789,5,6
789,6,2
789,7,2
789,8,6
789,9,4
789,10,5
790,1,2
790,2,1
790,3,4
790,4,6
790,5,6
790,6,2
790,7,4
790,8,4
790,9,2
790,10,2
791,1,1
791,2,1
791,3,6
791,4,4
791,5,2
791,6,3
791,7,5
791,8,2
791,9,3
791,10,7
792,1,1
792,2,7
792,3,1
792,4,6
792,5,1
792,6,2
792,7,3
792,8,7
792,9,6
792,10,7
793,1,3
793,2,1
793,3,2
793,4,5
793,5,6
793,6,2
793,7,6
793,8,4
793,9,4
793,10,7
794,1,4
794,2,6
794,3,1
794,4,5
794,5,5
794,6,2
794,7,4
794,8,1
794,9,3
794,10,4
795,1,7
795,2,7
795,3,5
795,4,2
795,5,2
795,6,6
795,7,6
795,8,7
795,9,2
795,10,3
796,1,6
796,2,7
796,3,7
796,4,5
796,5,4
796,6,3
796,7,4
796,8,6
796,9,2
796,10,6
797,1,7
797,2,1
797,3,7
797,4,7
797,5,7
797,6,2
797,7,4
797,8,2
797,9,6
797,10,6
798,1,6
798,2,4
798,3,7
798,4,1
798,5,3
798,6,4
798,7,3
798,8,7
798,9,5
798,10,3
799,1,4
799,2,6
799,3,3
799,4,4
799,5,6
799,6,4
799,7,4
799,8,1
799,9,1
799,10,4
800,1,3
800,2,5
800,3,2
800,4,1
800,5,7
800,6,1
800,7,2
800,8,4
800,9,7
800,10,6
801,1,5
801,2,7
801,3,2
801,4,1
801,5,6
801,6,4
801,7,3
801,8,6
801,9,2
801,10,5
802,1,7
802,2,2
802,3,4
802,4,6
802,5,4
802,6,7
802,7,2
802,8,7
802,9,6
802,10,4
803,1,7
803,2,7
803,3,4
803,4,4
803,5,7
803,6,4
803,7,7
803,8,1
803,9,4
803,10,1
804,1,6
804,2,2
804,3,2
804,4,5
804,5,5
804,6,4
804,7,3
804,8,1
804,9,7
804,10,7
805,1,5
805,2,6
805,3,6
805,4,7
805,5,4
805,6,5
805,7,2
805,8,5
805,9,2
805,10,7
806,1,1
806,2,3
806,3,7
806,4,5
806,5,1
806,6,4
806,7,6
806,8,6
806,9,4
806,10,2
807,1,6
807,2,7
807,3,4
807,4,3
807,5,2
807,6,7
807,7,7
807,8,2
807,9,1
807,10,5
808,1,4
808,2,1
808,3,7
808,4,4
808,5,7
808,6,6
808,7,7
808,8,5
808,9,2
808,10,1
809,1,2
809,2,5
809,3,1
809,4,6
809,5,7
809,6,3
809,7,7
809,8,6
809,9,6
809,10,4
810,1,4
810,2,1
810,3,4
810,4,3
810,5,5
810,6,3
810,7,2
810,8,6
810,9,3
810,10,4
811,1,4
811,2,5
811,3,3
811,4,1
811,5,2
811,6,2
811,7,7
811,8,2
811,9,1
811,10,7
812,1,6
812,2,5
812,3,7
812,4,7
812,5,6
812,6,5
812,7,3
812,8,7
812,9,1
812,10,6
813,1,1
813,2,7
813,3,2
813,4,2
813,5,7
813,6,1
813,7,7
813,8,4
813,9,7
813,10,2
814,1,5
814,2,1
814,3,3
814,4,6
814,5,1
814,6,1
814,7,7
814,8,2
814,9,1
814,10,1
815,1,7
815,2,1
815,3,6
815,4,5
815,5,3
815,6,5
815,7,6
815,8,1
815,9,6
815,10,6
816,1,4
816,2,2
816,3,6
816,4,6
816,5,1
816,6,4
816,7,1
816,8,2
816,9,6
816,10,1
817,1,6
817,2,4
817,3,1
817,4,5
817,5,5
817,6,3
817,7,2
817,8,4
817,9,1
817,10,3
818,1,6
818,2,2
818,3,3
818,4,1
818,5,5
818,6,4
818,7,7
818,8,5
818,9,3
818,10,6
819,1,4
819,2,5
819,3,6
819,4,7
819,5,2
819,6,6
819,7,1
819,8,5
819,9,7
819,10,5
820,1,3
820,2,7
820,3,6
820,4,4
820,5,4
820,6,3
820,7,7
820,8,1
820,9,5
820,10,1
821,1,3
821,2,2
821,3,1
821,4,2
821,5,5
821,6,6
821,7,6
821,8,4
821,9,4
821,10,1
822,1,4
822,2,4
822,3,5
822,4,1
822,5,7
822,6,3
822,7,5
822,8,5
822,9,4
822,10,5
823,1,7
823,2,7
823,3,4
823,4,3
823,5,7
823,6,6
823,7,6
823,8,1
823,9,3
823,10,1
824,1,7
824,2,1
824,3,7
824,4,3
824,5,3
824,6,2
824,7,2
824,8,6
824,9,7
824,10,3
825,1,3
825,2,1
825,3,5
825,4,7
825,5,5
825,6,4
825,7,7
825,8,6
825,9,3
825,10,4
826,1,1
826,2,2
826,3,3
826,4,5
826,5,6
826,6,1
826,7,5
826,8,3
826,9,1
826,10,5
827,1,3
827,2,1
827,3,2
827,4,3
827,5,5
827,6,2
827,7,1
827,8,7
827,9,4
827,10,1
828,1,5
828,2,3
828,3,1
828,4,6
828,5,6
828,6,2
828,7,6
828,8,6
828,9,2
828,10,3
829,1,7
829,2,2
829,3,5
829,4,3
829,5,2
829,6,1
829,7,4
829,8,5
829,9,4
829,10,6
830,1,6
830,2,4
830,3,1
830,4,5
830,5,6
830,6,2
830,7,7
830,8,1
830,9,7
830,10,5
831,1,4
831,2,2
831,3,1
831,4,5
831,5,4
831,6,3
831,7,4
831,8,3
831,9,6
831,10,7
832,1,3
832,2,5
832,3,1
832,4,6
832,5,1
832,6,2
832,7,7
832,8,5
832,9,6
832,10,6
833,1,1
833,2,3
833,3,7
833,4,7
833,5,6
833,6,1
833,7,1
833,8,5
833,9,3
833,10,3
834,1,3
834,2,2
834,3,1
834,4,7
834,5,7
834,6,6
834,7,6
834,8,6
834,9,1
834,10,4
835,1,6
835,2,4
835,3,7
835,4,5
835,5,5
835,6,4
835,7,7
835,8,4
835,9,4
835,10,3
836,1,5
836,2,1
836,3,2
836,4,1
836,5,3
836,6,4
836,7,6
836,8,2
836,9,6
836,10,5
837,1,2
837,2,2
837,3,3
837,4,1
837,5,5
837,6,5
837,7,7
837,8,7
837,9,7
837,10,4
838,1,3
838,2,2
838,3,1
838,4,1
838,5,3
838,6,7
838,7,2
838,8,2
838,9,3
838,10,4
839,1,3
839,2,7
839,3,1
839,4,6
839,5,4
839,6,4
839,7,7
839,8,4
839,9,6
839,10,6
840,1,1
840,2,1
840,3,6
840,4,4
840,5,6
840,6,6
840,7,5
840,8,4
840,9,1
840,10,1
841,1,1
841,2,2
841,3,3
841,4,7
841,5,3
841,6,6
841,7,4
841,8,2
841,9,2
841,10,3
842,1,3
842,2,4
842,3,3
842,4,4
842,5,2
842,6,4
842,7,3
842,8,2
842,9,6
842,10,1
843,1,2
843,2,3
843,3,1
843,4,3
843,5,6
843,6,3
843,7,4
843,8,1
843,9,6
843,10,7
844,1,5
844,2,7
844,3,4
844,4,3
844,5,6
844,6,6
844,7,3
844,8,7
844,9,6
844,10,6
845,1,1
845,2,3
845,3,7
845,4,4
845,5,6
845,6,5
845,7,7
845,8,3
845,9,4
845,10,5
846,1,1
846,2,6
846,3,5
846,4,5
846,5,7
846,6,1
846,7,7
846,8,3
846,9,5
846,10,5
847,1,7
847,2,2
847,3,7
847,4,2
847,5,7
847,6,5
847,7,5
847,8,6
847,9,1
847,10,6
848,1,3
848,2,6
848,3,7
848,4,2
848,5,4
848,6,3
848,7,3
848,8,3
848,9,1
848,10,6
849,1,1
849,2,2
849,3,5
849,4,7
849,5,1
849,6,1
849,7,4
849,8,1
849,9,1
849,10,3
850,1,4
850,2,7
850,3,6
850,4,2
850,5,3
850,6,4
850,7,5
850,8,7
850,9,7
850,10,7
851,1,3
851,2,2
851,3,2
851,4,3
851,5,6
851,6,6
851,7,6
851,8,6
851,9,7
851,10,7
852,1,4
852,2,4
852,3,7
852,4,5
852,5,5
852,6,7
852,7,7
852,8,4
852,9,6
852,10,7
853,1,1
853,2,2
853,3,2
853,4,7
853,5,6
853,6,7
853,7,1
853,8,4
853,9,4
853,10,7
854,1,1
854,2,4
854,3,5
854,4,3
854,5,1
854,6,7
854,7,5
854,8,7
854,9,1
854,10,6
855,1,4
855,2,7
855,3,2
855,4,3
855,5,1
855,6,2
855,7,7
855,8,3
855,9,1
855,10,3
856,1,1
856,2,6
856,3,3
856,4,5
856,5,6
856,6,6
856,7,4
856,8,5
856,9,2
856,10,2
857,1,6
857,2,2
857,3,3
857,4,2
857,5,2
857,6,6
857,7,7
857,8,7
857,9,4
857,10,7
858,1,2
858,2,1
858,3,5
858,4,2
858,5,7
858,6,2
858,7,7
858,8,4
858,9,4
858,10,5
859,1,1
859,2,6
859,3,1
859,4,7
859,5,5
859,6,4
859,7,5
859,8,1
859,9,6
859,10,5
860,1,3
860,2,1
860,3,2
860,4,1
860,5,2
860,6,3
860,7,7
860,8,4
860,9,5
860,10,6
861,1,4
861,2,5
861,3,4
861,4,6
861,5,4
861,6,2
861,7,3
861,8,3
861,9,4
861,10,5
862,1,7
862,2,7
862,3,3
862,4,4
862,5,5
862,6,6
862,7,4
862,8,1
862,9,4
862,10,2
863,1,4
863,2,2
863,3,2
863,4,3
863,5,3
863,6,4
863,7,2
863,8,1
863,9,4
863,10,4
864,1,6
864,2,5
864,3,6
864,4,4
864,5,1
864,6,4
864,7,3
864,8,2
864,9,1
864,10,2
865,1,5
865,2,5
865,3,7
865,4,5
865,5,2
865,6,7
865,7,5
865,8,1
865,9,4
865,10,4
866,1,4
866,2,7
866,3,3
866,4,3
866,5,5
866,6,1
866,7,5
866,8,5
866,9,7
866,10,5
867,1,6
867,2,4
867,3,1
867,4,1
867,5,2
867,6,5
867,7,3
867,8,1
867,9,6
867,10,5
868,1,5
868,2,4
868,3,7
868,4,5
868,5,5
868,6,1
868,7,3
868,8,5
868,9,6
868,10,4
869,1,5
869,2,3
869,3,3
869,4,3
869,5,1
869,6,7
869,7,3
869,8,6
869,9,6
869,10,5
870,1,2
870,2,2
870,3,6
870,4,1
870,5,2
870,6,3
870,7,5
870,8,7
870,9,4
870,10,5
871,1,1
871,2,2
871,3,3
871,4,1
871,5,3
871,6,2
871,7,1
871,8,7
871,9,4
871,10,4
872,1,7
872,2,2
872,3,5
872,4,2
872,5,5
872,6,1
872,7,7
872,8,5
872,9,4
872,10,1
873,1,6
873,2,3
873,3,2
873,4,3
873,5,2
873,6,3
873,7,6
873,8,6
873,9,3
873,10,5
874,1,2
874,2,6
874,3,1
874,4,2
874,5,6
874,6,3
874,7,5
874,8,4
874,9,7
874,10,6
875,1,6
875,2,6
875,3,6
875,4,7
875,5,3
875,6,6
875,7,4
875,8,5
875,9,7
875,10,4
876,1,1
876,2,2
876,3,3
876,4,6
876,5,6
876,6,7
876,7,4
876,8,5
876,9,2
876,10,3
877,1,1
877,2,4
877,3,3
877,4,7
877,5,7
877,6,4
877,7,7
877,8,5
877,9,7
877,10,7
878,1,3
878,2,4
878,3,7
878,4,1
878,5,6
878,6,1
878,7,4
878,8,4
878,9,4
878,10,1
879,1,1
879,2,4
879,3,3
879,4,7
879,5,2
879,6,2
879,7,6
879,8,2
879,9,2
879,10,3
880,1,6
880,2,3
880,3,3
880,4,3
880,5,5
880,6,5
880,7,1
880,8,4
880,9,5
880,10,6
881,1,6
881,2,6
881,3,6
881,4,3
881,5,7
881,6,2
881,7,1
881,8,6
881,9,3
881,10,4
882,1,2
882,2,5
882,3,1
882,4,7
882,5,7
882,6,2
882,7,7
882,8,3
882,9,5
882,10,5
883,1,1
883,2,5
883,3,2
883,4,4
883,5,4
883,6,2
883,7,5
883,8,4
883,9,4
883,10,6
884,1,4
884,2,1
884,3,5
884,4,1
884,5,6
884,6,3
884,7,6
884,8,7
884,9,6
884,10,7
885,1,2
885,2,1
885,3,7
885,4,4
885,5,5
885,6,3
885,7,7
885,8,7
885,9,7
885,10,6
886,1,1
886,2,2
886,3,2
886,4,1
886,5,4
886,6,6
886,7,7
886,8,4
886,9,3
886,10,2
887,1,3
887,2,7
887,3,3
887,4,4
887,5,7
887,6,3
887,7,6
887,8,3
887,9,4
887,10,5
888,1,7
888,2,6
888,3,1
888,4,7
888,5,2
888,6,5
888,7,7
888,8,2
888,9,4
888,10,1
889,1,2
889,2,2
889,3,4
889,4,5
889,5,1
889,6,5
889,7,6
889,8,5
889,9,4
889,10,1
890,1,2
890,2,6
890,3,6
890,4,4
890,5,5
890,6,4
890,7,4
890,8,6
890,9,5
890,10,4
891,1,4
891,2,4
891,3,3
891,4,4
891,5,5
891,6,1
891,7,1
891,8,4
891,9,6
891,10,1
892,1,2
892,2,6
892,3,4
892,4,5
892,5,6
892,6,4
892,7,3
892,8,3
892,9,4
892,10,3
893,1,6
893,2,6
893,3,1
893,4,7
893,5,1
893,6,6
893,7,6
893,8,7
893,9,3
893,10,2
894,1,6
894,2,7
894,3,4
894,4,3
894,5,1
894,6,5
894,7,2
894,8,4
894,9,4
894,10,3
895,1,5
895,2,7
895,3,3
895,4,5
895,5,2
895,6,6
895,7,3
895,8,3
895,9,5
895,10,1
896,1,3
896,2,2
896,3,5
896,4,7
896,5,4
896,6,1
896,7,7
896,8,1
896,9,5
896,10,6
897,1,2
897,2,1
897,3,3
897,4,3
897,5,6
897,6,7
897,7,2
897,8,2
897,9,1
897,10,1
898,1,6
898,2,3
898,3,7
898,4,3
898,5,5
898,6,6
898,7,4
898,8,5
898,9,4
898,10,5
899,1,3
899,2,1
899,3,3
899,4,5
899,5,2
899,6,1
899,7,1
899,8,6
899,9,1
899,10,5
900,1,1
900,2,3
900,3,4
900,4,3
900,5,4
900,6,1
900,7,3
900,8,3
900,9,2
900,10,5
901,1,7
901,2,1
901,3,2
901,4,7
901,5,5
901,6,4
901,7,3
901,8,5
901,9,2
901,10,5
902,1,7
902,2,1
902,3,2
902,4,5
902,5,5
902,6,7
902,7,3
902,8,7
902,9,7
902,10,6
903,1,7
903,2,3
903,3,4
903,4,2
903,5,5
903,6,6
903,7,4
903,8,7
903,9,7
903,10,5
904,1,4
904,2,5
904,3,3
904,4,6
904,5,5
904,6,6
904,7,3
904,8,5
904,9,7
904,10,4
905,1,1
905,2,4
905,3,1
905,4,7
905,5,7
905,6,2
905,7,2
905,8,1
905,9,7
905,10,5
906,1,4
906,2,5
906,3,7
906,4,2
906,5,4
906,6,4
906,7,2
906,8,2
906,9,2
906,10,5
907,1,7
907,2,5
907,3,5
907,4,5
907,5,5
907,6,7
907,7,5
907,8,6
907,9,7
907,10,7
908,1,3
908,2,5
908,3,3
908,4,5
908,5,6
908,6,1
908,7,6
908,8,7
908,9,1
908,10,3
909,1,7
909,2,1
909,3,4
909,4,6
909,5,3
909,6,2
909,7,7
909,8,3
909,9,6
909,10,7
910,1,4
910,2,7
910,3,6
910,4,1
910,5,4
910,6,6
910,7,2
910,8,5
910,9,1
910,10,4
911,1,2
911,2,7
911,3,3
911,4,4
911,5,7
911,6,2
911,7,1
911,8,2
911,9,1
911,10,4
912,1,6
912,2,5
912,3,2
912,4,3
912,5,6
912,6,7
912,7,2
912,8,4
912,9,6
912,10,4
913,1,2
913,2,2
913,3,4
913,4,3
913,5,4
913,6,4
913,7,5
913,8,3
913,9,1
913,10,2
914,1,4
914,2,6
914,3,6
914,4,7
914,5,4
914,6,1
914,7,5
914,8,5
914,9,7
914,10,7
915,1,5
915,2,6
915,3,1
915,4,2
915,5,2
915,6,1
915,7,7
915,8,2
915,9,1
915,10,4
916,1,7
916,2,1
916,3,1
916,4,7
916,5,5
916,6,7
916,7,2
916,8,7
916,9,3
916,10,5
917,1,5
917,2,3
917,3,2
917,4,7
917,5,2
917,6,2
917,7,1
917,8,6
917,9,5
917,10,2
918,1,7
918,2,6
918,3,4
918,4,1
918,5,6
918,6,3
918,7,3
918,8,6
918,9,2
918,10,2
919,1,1
919,2,7
919,3,1
919,4,4
919,5,3
919,6,4
919,7,6
919,8,4
919,9,2
919,10,5
920,1,2
920,2,3
920,3,1
920,4,1
920,5,4
920,6,5
920,7,6
920,8,1
920,9,7
920,10,4
921,1,2
921,2,7
921,3,1
921,4,5
921,5,2
921,6,2
921,7,7
921,8,5
921,9,3
921,10,2
922,1,6
922,2,2
922,3,6
922,4,6
922,5,6
922,6,6
922,7,3
922,8,5
922,9,2
922,10,2
923,1,5
923,2,3
923,3,2
923,4,1
923,5,7
923,6,7
923,7,5
923,8,1
923,9,7
923,10,6
924,1,4
924,2,3
924,3,6
924,4,6
924,5,5
924,6,5
924,7,3
924,8,1
924,9,1
924,10,7
925,1,2
925,2,6
925,3,6
925,4,2
925,5,1
925,6,6
925,7,1
925,8,6
925,9,4
925,10,5
926,1,6
926,2,2
926,3,5
926,4,1
926,5,6
926,6,4
926,7,1
926,8,2
926,9,7
926,10,3
927,1,6
927,2,2
927,3,2
927,4,2
927,5,3
927,6,3
927,7,2
927,8,5
927,9,5
927,10,3
928,1,5
928,2,2
928,3,5
928,4,2
928,5,1
928,6,7
928,7,7
928,8,1
928,9,5
928,10,7
929,1,1
929,2,3
929,3,4
929,4,1
929,5,6
929,6,7
929,7,7
929,8,2
929,9,6
929,10,1
930,1,4
930,2,5
930,3,2
930,4,5
930,5,6
930,6,4
930,7,3
930,8,4
930,9,2
930,10,4
931,1,4
931,2,5
931,3,7
931,4,3
931,5,2
931,6,3
931,7,1
931,8,4
931,9,1
931,10,6
932,1,4
932,2,4
932,3,2
932,4,3
932,5,6
932,6,1
932,7,2
932,8,5
932,9,1
932,10,3
933,1,5
933,2,3
933,3,5
933,4,3
933,5,1
933,6,2
933,7,2
933,8,7
933,9,5
933,10,6
934,1,6
934,2,3
934,3,7
934,4,1
934,5,3
934,6,7
934,7,1
934,8,2
934,9,6
934,10,2
935,1,1
935,2,2
935,3,7
935,4,1
935,5,3
935,6,6
935,7,7
935,8,6
935,9,1
935,10,3
936,1,1
936,2,4
936,3,3
936,4,4
936,5,5
936,6,2
936,7,3
936,8,7
936,9,2
936,10,1
937,1,1
937,2,3
937,3,3
937,4,3
937,5,7
937,6,4
937,7,2
937,8,4
937,9,1
937,10,5
938,1,7
938,2,4
938,3,3
938,4,6
938,5,5
938,6,2
938,7,6
938,8,1
938,9,4
938,10,6
939,1,1
939,2,4
939,3,7
939,4,2
939,5,7
939,6,1
939,7,5
939,8,7
939,9,2
939,10,6
940,1,4
940,2,7
940,3,5
940,4,7
940,5,4
940,6,1
940,7,6
940,8,1
940,9,7
940,10,3
941,1,6
941,2,1
941,3,3
941,4,6
941,5,3
941,6,3
941,7,3
941,8,5
941,9,4
941,10,6
942,1,5
942,2,7
942,3,4
942,4,7
942,5,5
942,6,6
942,7,1
942,8,1
942,9,4
942,10,5
943,1,3
943,2,7
943,3,7
943,4,2
943,5,1
943,6,6
943,7,7
943,8,4
943,9,6
943,10,5
944,1,6
944,2,6
944,3,3
944,4,1
944,5,1
944,6,4
944,7,2
944,8,3
944,9,4
944,10,5
945,1,7
945,2,7
945,3,5
945,4,7
945,5,4
945,6,7
945,7,2
945,8,1
945,9,3
945,10,5
946,1,6
946,2,6
946,3,6
946,4,1
946,5,6
946,6,2
946,7,2
946,8,2
946,9,5
946,10,6
947,1,2
947,2,4
947,3,1
947,4,5
947,5,6
947,6,1
947,7,2
947,8,7
947,9,7
947,10,7
948,1,6
948,2,6
948,3,4
948,4,6
948,5,6
948,6,7
948,7,2
948,8,5
948,9,1
948,10,6
949,1,1
949,2,5
949,3,6
949,4,1
949,5,2
949,6,7
949,7,3
949,8,3
949,9,1
949,10,5
950,1,4
950,2,1
950,3,7
950,4,7
950,5,2
950,6,7
950,7,1
950,8,7
950,9,3
950,10,4
951,1,2
951,2,5
951,3,1
951,4,2
951,5,5
951,6,4
951,7,1
951,8,6
951,9,5
951,10,4
952,1,5
952,2,7
952,3,2
952,4,6
952,5,5
952,6,1
952,7,4
952,8,1
952,9,5
952,10,7
953,1,3
953,2,3
953,3,1
953,4,6
953,5,7
953,6,2
953,7,4
953,8,6
953,9,4
953,10,4
954,1,5
954,2,5
954,3,1
954,4,6
954,5,1
954,6,6
954,7,5
954,8,6
954,9,6
954,10,2
955,1,4
955,2,4
955,3,1
955,4,1
955,5,4
955,6,6
955,7,6
955,8,4
955,9,7
955,10,4
956,1,1
956,2,1
956,3,1
956,4,5
956,5,7
956,6,5
956,7,7
956,8,7
956,9,7
956,10,4
957,1,4
957,2,7
957,3,3
957,4,1
957,5,1
957,6,5
957,7,4
957,8,2
957,9,1
957,10,2
958,1,6
958,2,4
958,3,6
958,4,6
958,5,7
958,6,4
958,7,7
958,8,4
958,9,1
958,10,7
959,1,6
959,2,2
959,3,3
959,4,1
959,5,6
959,6,6
959,7,2
959,8,3
959,9,2
959,10,3
960,1,5
960,2,7
960,3,4
960,4,2
960,5,6
960,6,3
960,7,3
960,8,5
960,9,4
960,10,7
961,1,5
961,2,7
961,3,2
961,4,1
961,5,6
961,6,4
961,7,4
961,8,3
961,9,2
961,10,4
962,1,7
962,2,5
962,3,3
962,4,5
962,5,5
962,6,7
962,7,7
962,8,7
962,9,1
962,10,6
963,1,5
963,2,2
963,3,7
963,4,7
963,5,3
963,6,5
963,7,2
963,8,3
963,9,3
963,10,5
964,1,2
964,2,6
964,3,2
964,4,6
964,5,5
964,6,5
964,7,1
964,8,4
964,9,5
964,10,2
965,1,5
965,2,1
965,3,7
965,4,1
965,5,4
965,6,3
965,7,2
965,8,3
965,9,7
965,10,7
966,1,5
966,2,5
966,3,4
966,4,2
966,5,2
966,6,3
966,7,2
966,8,1
966,9,6
966,10,5
967,1,6
967,2,7
967,3,6
967,4,5
967,5,4
967,6,6
967,7,4
967,8,5
967,9,2
967,10,3
968,1,2
968,2,5
968,3,3
968,4,1
968,5,5
968,6,5
968,7,3
968,8,2
968,9,4
968,10,6
969,1,2
969,2,6
969,3,7
969,4,3
969,5,3
969,6,2
969,7,1
969,8,3
969,9,3
969,10,2
970,1,3
970,2,7
970,3,5
970,4,5
970,5,7
970,6,4
970,7,4
970,8,3
970,9,6
970,10,3
971,1,4
971,2,1
971,3,4
971,4,6
971,5,1
971,6,7
971,7,2
971,8,2
971,9,3
971,10,3
972,1,5
972,2,6
972,3,3
972,4,5
972,5,6
972,6,4
972,7,2
972,8,1
972,9,3
972,10,4
973,1,3
973,2,5
973,3,1
973,4,5
973,5,3
973,6,2
973,7,4
973,8,6
973,9,6
973,10,1
974,1,4
974,2,4
974,3,2
974,4,5
974,5,4
974,6,3
974,7,3
974,8,7
974,9,5
974,10,4
975,1,7
975,2,1
975,3,2
975,4,2
975,5,4
975,6,5
975,7,2
975,8,5
975,9,7
975,10,6
976,1,2
976,2,2
976,3,5
976,4,7
976,5,4
976,6,5
976,7,1
976,8,6
976,9,2
976,10,5
977,1,4
977,2,2
977,3,2
977,4,2
977,5,2
977,6,6
977,7,7
977,8,2
977,9,4
977,10,3
978,1,5
978,2,6
978,3,5
978,4,2
978,5,7
978,6,3
978,7,1
978,8,5
978,9,6
978,10,2
979,1,2
979,2,5
979,3,3
979,4,7
979,5,1
979,6,5
979,7,1
979,8,4
979,9,1
979,10,2
980,1,4
980,2,7
980,3,2
980,4,1
980,5,4
980,6,6
980,7,4
980,8,5
980,9,7
980,10,5
981,1,4
981,2,4
981,3,7
981,4,5
981,5,7
981,6,1
981,7,7
981,8,3
981,9,3
981,10,4
982,1,3
982,2,5
982,3,5
982,4,7
982,5,3
982,6,7
982,7,2
982,8,5
982,9,7
982,10,1
983,1,5
983,2,3
983,3,3
983,4,3
983,5,6
983,6,7
983,7,7
983,8,6
983,9,2
983,10,1
984,1,7
984,2,5
984,3,7
984,4,4
984,5,7
984,6,3
984,7,7
984,8,4
984,9,5
984,10,4
985,1,4
985,2,2
985,3,6
985,4,3
985,5,5
985,6,4
985,7,3
985,8,4
985,9,7
985,10,2
986,1,2
986,2,5
986,3,5
986,4,5
986,5,6
986,6,2
986,7,6
986,8,4
986,9,5
986,10,7
987,1,5
987,2,6
987,3,6
987,4,7
987,5,1
987,6,2
987,7,2
987,8,1
987,9,3
987,10,5
988,1,1
988,2,5
988,3,2
988,4,1
988,5,2
988,6,7
988,7,1
988,8,3
988,9,2
988,10,6
989,1,1
989,2,6
989,3,4
989,4,3
989,5,7
989,6,7
989,7,6
989,8,4
989,9,6
989,10,4
990,1,1
990,2,2
990,3,4
990,4,7
990,5,3
990,6,4
990,7,7
990,8,1
990,9,6
990,10,4
991,1,7
991,2,1
991,3,1
991,4,1
991,5,5
991,6,1
991,7,4
991,8,6
991,9,1
991,10,2
992,1,3
992,2,6
992,3,7
992,4,3
992,5,6
992,6,3
992,7,1
992,8,4
992,9,6
992,10,6
993,1,7
993,2,6
993,3,1
993,4,2
993,5,5
993,6,1
993,7,4
993,8,7
993,9,4
993,10,7
994,1,4
994,2,3
994,3,5
994,4,5
994,5,3
994,6,2
994,7,5
994,8,5
994,9,1
994,10,2
995,1,3
995,2,3
995,3,2
995,4,2
995,5,4
995,6,4
995,7,4
995,8,3
995,9,7
995,10,2
996,1,4
996,2,7
996,3,6
996,4,4
996,5,4
996,6,6
996,7,5
996,8,1
996,9,5
996,10,3
997,1,3
997,2,6
997,3,7
997,4,6
997,5,5
997,6,6
997,7,6
997,8,1
997,9,3
997,10,2
998,1,4
998,2,1
998,3,2
998,4,3
998,5,6
998,6,3
998,7,2
998,8,4
998,9,5
998,10,1
999,1,6
999,2,2
999,3,7
999,4,4
999,5,3
999,6,2
999,7,2
999,8,5
999,9,5
999,10,5
1000,1,1
1000,2,2
1000,3,6
1000,4,2
1000,5,7
1000,6,6
1000,7,2
1000,8,5
1000,9,5
1000,10,4
1000,1,6
